[0.000000] (-) TimerEvent: {}
[0.000207] (shinjuku_map) JobQueued: {'identifier': 'shinjuku_map', 'dependencies': OrderedDict()}
[0.000266] (tiled_pcd_map) JobQueued: {'identifier': 'tiled_pcd_map', 'dependencies': OrderedDict()}
[0.000292] (gll_core) JobQueued: {'identifier': 'gll_core', 'dependencies': OrderedDict({'tiled_pcd_map': '/ws/src/gnss_and_lidar_localization/install/tiled_pcd_map'})}
[0.000313] (gll_ros2) JobQueued: {'identifier': 'gll_ros2', 'dependencies': OrderedDict({'tiled_pcd_map': '/ws/src/gnss_and_lidar_localization/install/tiled_pcd_map', 'gll_core': '/ws/src/gnss_and_lidar_localization/install/gll_core'})}
[0.000331] (tiled_pcd_map) JobStarted: {'identifier': 'tiled_pcd_map'}
[0.006715] (shinjuku_map) JobStarted: {'identifier': 'shinjuku_map'}
[0.009102] (tiled_pcd_map) JobProgress: {'identifier': 'tiled_pcd_map', 'progress': 'cmake'}
[0.009275] (tiled_pcd_map) Command: {'cmd': ['/usr/bin/cmake', '/ws/src/gnss_and_lidar_localization/tiled_pcd_map', '-DCMAKE_INSTALL_PREFIX=/ws/src/gnss_and_lidar_localization/install/tiled_pcd_map'], 'cwd': '/ws/src/gnss_and_lidar_localization/build/tiled_pcd_map', 'env': OrderedDict({'LESSOPEN': '| /usr/bin/lesspipe %s', 'HTTPS_PROXY': 'http://10.77.8.70:8080', 'HOSTNAME': 'PC-20211221A020', 'GIT_ASKPASS': '/vscode/vscode-server/bin/linux-x64/04c0d99f4fb0d8afe6ce4f0c58e31e183ac3e4b1/extensions/git/dist/askpass.sh', 'SHLVL': '2', 'LD_LIBRARY_PATH': '/opt/ros/jazzy/opt/rviz_ogre_vendor/lib:/opt/ros/jazzy/lib/x86_64-linux-gnu:/opt/ros/jazzy/opt/gz_math_vendor/lib:/opt/ros/jazzy/opt/gz_utils_vendor/lib:/opt/ros/jazzy/opt/gz_cmake_vendor/lib:/opt/ros/jazzy/lib', 'BROWSER': '/vscode/vscode-server/bin/linux-x64/04c0d99f4fb0d8afe6ce4f0c58e31e183ac3e4b1/bin/helpers/browser.sh', 'HOME': '/home/ubuntu', 'OLDPWD': '/ws/src/gnss_and_lidar_localization/data', 'TERM_PROGRAM_VERSION': '1.139.1', 'VSCODE_IPC_HOOK_CLI': '/tmp/vscode-ipc-4786cdf9-aba8-4427-abe8-c6f31f94b56a.sock', 'ROS_PYTHON_VERSION': '3', 'VSCODE_GIT_ASKPASS_MAIN': '/vscode/vscode-server/bin/linux-x64/04c0d99f4fb0d8afe6ce4f0c58e31e183ac3e4b1/extensions/git/dist/askpass-main.js', 'VSCODE_GIT_ASKPASS_NODE': '/vscode/vscode-server/bin/linux-x64/04c0d99f4fb0d8afe6ce4f0c58e31e183ac3e4b1/node', 'VSCODE_PYTHON_AUTOACTIVATE_GUARD': '1', 'COLORTERM': 'truecolor', 'REMOTE_CONTAINERS': 'true', 'DEBUGINFOD_URLS': 'https://debuginfod.ubuntu.com', 'https_proxy': 'http://10.77.8.70:8080', 'COLCON_PREFIX_PATH': '/ws/install', 'ROS_DISTRO': 'jazzy', 'REMOTE_CONTAINERS_IPC': '/tmp/vscode-remote-containers-ipc-d5deef4d-6dd8-439f-b4c5-6f587243ee8d.sock', 'http_proxy': 'http://10.77.8.70:8080', '_': '/usr/bin/colcon', 'ROS_VERSION': '2', 'PKG_CONFIG_PATH': '/ws/install/gll_core/lib/x86_64-linux-gnu/pkgconfig:/ws/install/gll_core/lib/pkgconfig:/ws/install/tiled_pcd_map/lib/x86_64-linux-gnu/pkgconfig:/ws/install/tiled_pcd_map/lib/pkgconfig', 'TERM': 'xterm-256color', 'GLL_DATA': '/ws/src/gnss_and_lidar_localization/data', 'PATH': '/home/ubuntu/.vscode-server/data/User/globalStorage/github.copilot-chat/debugCommand:/home/ubuntu/.vscode-server/data/User/globalStorage/github.copilot-chat/copilotCli:/vscode/vscode-server/bin/linux-x64/04c0d99f4fb0d8afe6ce4f0c58e31e183ac3e4b1/bin/remote-cli:/ws/install/tiled_pcd_map/bin:/opt/ros/jazzy/bin:/usr/local/sbin:/usr/local/bin:/usr/sbin:/usr/bin:/sbin:/bin', 'REMOTE_CONTAINERS_SOCKETS': '["/tmp/vscode-ssh-auth-d5deef4d-6dd8-439f-b4c5-6f587243ee8d.sock","/home/ubuntu/.gnupg/S.gpg-agent"]', 'DISPLAY': '', 'LANG': 'C.UTF-8', 'LS_COLORS': 'rs=0:di=01;34:ln=01;36:mh=00:pi=40;33:so=01;35:do=01;35:bd=40;33;01:cd=40;33;01:or=40;31;01:mi=00:su=37;41:sg=30;43:ca=00:tw=30;42:ow=34;42:st=37;44:ex=01;32:*.tar=01;31:*.tgz=01;31:*.arc=01;31:*.arj=01;31:*.taz=01;31:*.lha=01;31:*.lz4=01;31:*.lzh=01;31:*.lzma=01;31:*.tlz=01;31:*.txz=01;31:*.tzo=01;31:*.t7z=01;31:*.zip=01;31:*.z=01;31:*.dz=01;31:*.gz=01;31:*.lrz=01;31:*.lz=01;31:*.lzo=01;31:*.xz=01;31:*.zst=01;31:*.tzst=01;31:*.bz2=01;31:*.bz=01;31:*.tbz=01;31:*.tbz2=01;31:*.tz=01;31:*.deb=01;31:*.rpm=01;31:*.jar=01;31:*.war=01;31:*.ear=01;31:*.sar=01;31:*.rar=01;31:*.alz=01;31:*.ace=01;31:*.zoo=01;31:*.cpio=01;31:*.7z=01;31:*.rz=01;31:*.cab=01;31:*.wim=01;31:*.swm=01;31:*.dwm=01;31:*.esd=01;31:*.avif=01;35:*.jpg=01;35:*.jpeg=01;35:*.mjpg=01;35:*.mjpeg=01;35:*.gif=01;35:*.bmp=01;35:*.pbm=01;35:*.pgm=01;35:*.ppm=01;35:*.tga=01;35:*.xbm=01;35:*.xpm=01;35:*.tif=01;35:*.tiff=01;35:*.png=01;35:*.svg=01;35:*.svgz=01;35:*.mng=01;35:*.pcx=01;35:*.mov=01;35:*.mpg=01;35:*.mpeg=01;35:*.m2v=01;35:*.mkv=01;35:*.webm=01;35:*.webp=01;35:*.ogm=01;35:*.mp4=01;35:*.m4v=01;35:*.mp4v=01;35:*.vob=01;35:*.qt=01;35:*.nuv=01;35:*.wmv=01;35:*.asf=01;35:*.rm=01;35:*.rmvb=01;35:*.flc=01;35:*.avi=01;35:*.fli=01;35:*.flv=01;35:*.gl=01;35:*.dl=01;35:*.xcf=01;35:*.xwd=01;35:*.yuv=01;35:*.cgm=01;35:*.emf=01;35:*.ogv=01;35:*.ogx=01;35:*.aac=00;36:*.au=00;36:*.flac=00;36:*.m4a=00;36:*.mid=00;36:*.midi=00;36:*.mka=00;36:*.mp3=00;36:*.mpc=00;36:*.ogg=00;36:*.ra=00;36:*.wav=00;36:*.oga=00;36:*.opus=00;36:*.spx=00;36:*.xspf=00;36:*~=00;90:*#=00;90:*.bak=00;90:*.crdownload=00;90:*.dpkg-dist=00;90:*.dpkg-new=00;90:*.dpkg-old=00;90:*.dpkg-tmp=00;90:*.old=00;90:*.orig=00;90:*.part=00;90:*.rej=00;90:*.rpmnew=00;90:*.rpmorig=00;90:*.rpmsave=00;90:*.swp=00;90:*.tmp=00;90:*.ucf-dist=00;90:*.ucf-new=00;90:*.ucf-old=00;90:', 'VSCODE_GIT_IPC_HANDLE': '/tmp/vscode-git-e9154552f7.sock', 'TERM_PROGRAM': 'vscode', 'SSH_AUTH_SOCK': '/tmp/vscode-ssh-auth-d5deef4d-6dd8-439f-b4c5-6f587243ee8d.sock', 'ROS_DOMAIN_ID': '0', 'AMENT_PREFIX_PATH': '/ws/install/gll_ros2:/ws/install/shinjuku_map:/opt/ros/jazzy', 'DEBIAN_FRONTEND': 'noninteractive', 'SHELL': '/bin/bash', 'LESSCLOSE': '/usr/bin/lesspipe %s %s', 'ROS_AUTOMATIC_DISCOVERY_RANGE': 'SUBNET', 'VSCODE_GIT_ASKPASS_EXTRA_ARGS': '', 'PWD': '/ws/src/gnss_and_lidar_localization/build/tiled_pcd_map', 'LC_ALL': 'C.UTF-8', 'COPILOT_DEBUG_NONCE': '9c495fabf8ce30cec93ddb08374a1d7d', 'RCUTILS_COLORIZED_OUTPUT': '1', 'PYTHONPATH': '/opt/ros/jazzy/opt/gz_math_vendor/lib/python:/opt/ros/jazzy/lib/python3.12/site-packages', 'HTTP_PROXY': 'http://10.77.8.70:8080', 'COLCON': '1', 'CMAKE_PREFIX_PATH': '/ws/install/gll_ros2:/ws/install/gll_core:/ws/install/tiled_pcd_map:/ws/install/shinjuku_map:/opt/ros/jazzy/opt/gz_math_vendor:/opt/ros/jazzy/opt/gz_utils_vendor:/opt/ros/jazzy/opt/gz_cmake_vendor:/opt/ros/jazzy'}), 'shell': False}
[0.011508] (shinjuku_map) JobProgress: {'identifier': 'shinjuku_map', 'progress': 'cmake'}
[0.011828] (shinjuku_map) Command: {'cmd': ['/usr/bin/cmake', '/ws/src/gnss_and_lidar_localization/data/Shinjuku-Map', '-DCMAKE_INSTALL_PREFIX=/ws/src/gnss_and_lidar_localization/install/shinjuku_map'], 'cwd': '/ws/src/gnss_and_lidar_localization/build/shinjuku_map', 'env': OrderedDict({'LESSOPEN': '| /usr/bin/lesspipe %s', 'HTTPS_PROXY': 'http://10.77.8.70:8080', 'HOSTNAME': 'PC-20211221A020', 'GIT_ASKPASS': '/vscode/vscode-server/bin/linux-x64/04c0d99f4fb0d8afe6ce4f0c58e31e183ac3e4b1/extensions/git/dist/askpass.sh', 'SHLVL': '2', 'LD_LIBRARY_PATH': '/opt/ros/jazzy/opt/rviz_ogre_vendor/lib:/opt/ros/jazzy/lib/x86_64-linux-gnu:/opt/ros/jazzy/opt/gz_math_vendor/lib:/opt/ros/jazzy/opt/gz_utils_vendor/lib:/opt/ros/jazzy/opt/gz_cmake_vendor/lib:/opt/ros/jazzy/lib', 'BROWSER': '/vscode/vscode-server/bin/linux-x64/04c0d99f4fb0d8afe6ce4f0c58e31e183ac3e4b1/bin/helpers/browser.sh', 'HOME': '/home/ubuntu', 'OLDPWD': '/ws/src/gnss_and_lidar_localization/data', 'TERM_PROGRAM_VERSION': '1.139.1', 'VSCODE_IPC_HOOK_CLI': '/tmp/vscode-ipc-4786cdf9-aba8-4427-abe8-c6f31f94b56a.sock', 'ROS_PYTHON_VERSION': '3', 'VSCODE_GIT_ASKPASS_MAIN': '/vscode/vscode-server/bin/linux-x64/04c0d99f4fb0d8afe6ce4f0c58e31e183ac3e4b1/extensions/git/dist/askpass-main.js', 'VSCODE_GIT_ASKPASS_NODE': '/vscode/vscode-server/bin/linux-x64/04c0d99f4fb0d8afe6ce4f0c58e31e183ac3e4b1/node', 'VSCODE_PYTHON_AUTOACTIVATE_GUARD': '1', 'COLORTERM': 'truecolor', 'REMOTE_CONTAINERS': 'true', 'DEBUGINFOD_URLS': 'https://debuginfod.ubuntu.com', 'https_proxy': 'http://10.77.8.70:8080', 'COLCON_PREFIX_PATH': '/ws/install', 'ROS_DISTRO': 'jazzy', 'REMOTE_CONTAINERS_IPC': '/tmp/vscode-remote-containers-ipc-d5deef4d-6dd8-439f-b4c5-6f587243ee8d.sock', 'http_proxy': 'http://10.77.8.70:8080', '_': '/usr/bin/colcon', 'ROS_VERSION': '2', 'PKG_CONFIG_PATH': '/ws/install/gll_core/lib/x86_64-linux-gnu/pkgconfig:/ws/install/gll_core/lib/pkgconfig:/ws/install/tiled_pcd_map/lib/x86_64-linux-gnu/pkgconfig:/ws/install/tiled_pcd_map/lib/pkgconfig', 'TERM': 'xterm-256color', 'GLL_DATA': '/ws/src/gnss_and_lidar_localization/data', 'PATH': '/home/ubuntu/.vscode-server/data/User/globalStorage/github.copilot-chat/debugCommand:/home/ubuntu/.vscode-server/data/User/globalStorage/github.copilot-chat/copilotCli:/vscode/vscode-server/bin/linux-x64/04c0d99f4fb0d8afe6ce4f0c58e31e183ac3e4b1/bin/remote-cli:/ws/install/tiled_pcd_map/bin:/opt/ros/jazzy/bin:/usr/local/sbin:/usr/local/bin:/usr/sbin:/usr/bin:/sbin:/bin', 'REMOTE_CONTAINERS_SOCKETS': '["/tmp/vscode-ssh-auth-d5deef4d-6dd8-439f-b4c5-6f587243ee8d.sock","/home/ubuntu/.gnupg/S.gpg-agent"]', 'DISPLAY': '', 'LANG': 'C.UTF-8', 'LS_COLORS': 'rs=0:di=01;34:ln=01;36:mh=00:pi=40;33:so=01;35:do=01;35:bd=40;33;01:cd=40;33;01:or=40;31;01:mi=00:su=37;41:sg=30;43:ca=00:tw=30;42:ow=34;42:st=37;44:ex=01;32:*.tar=01;31:*.tgz=01;31:*.arc=01;31:*.arj=01;31:*.taz=01;31:*.lha=01;31:*.lz4=01;31:*.lzh=01;31:*.lzma=01;31:*.tlz=01;31:*.txz=01;31:*.tzo=01;31:*.t7z=01;31:*.zip=01;31:*.z=01;31:*.dz=01;31:*.gz=01;31:*.lrz=01;31:*.lz=01;31:*.lzo=01;31:*.xz=01;31:*.zst=01;31:*.tzst=01;31:*.bz2=01;31:*.bz=01;31:*.tbz=01;31:*.tbz2=01;31:*.tz=01;31:*.deb=01;31:*.rpm=01;31:*.jar=01;31:*.war=01;31:*.ear=01;31:*.sar=01;31:*.rar=01;31:*.alz=01;31:*.ace=01;31:*.zoo=01;31:*.cpio=01;31:*.7z=01;31:*.rz=01;31:*.cab=01;31:*.wim=01;31:*.swm=01;31:*.dwm=01;31:*.esd=01;31:*.avif=01;35:*.jpg=01;35:*.jpeg=01;35:*.mjpg=01;35:*.mjpeg=01;35:*.gif=01;35:*.bmp=01;35:*.pbm=01;35:*.pgm=01;35:*.ppm=01;35:*.tga=01;35:*.xbm=01;35:*.xpm=01;35:*.tif=01;35:*.tiff=01;35:*.png=01;35:*.svg=01;35:*.svgz=01;35:*.mng=01;35:*.pcx=01;35:*.mov=01;35:*.mpg=01;35:*.mpeg=01;35:*.m2v=01;35:*.mkv=01;35:*.webm=01;35:*.webp=01;35:*.ogm=01;35:*.mp4=01;35:*.m4v=01;35:*.mp4v=01;35:*.vob=01;35:*.qt=01;35:*.nuv=01;35:*.wmv=01;35:*.asf=01;35:*.rm=01;35:*.rmvb=01;35:*.flc=01;35:*.avi=01;35:*.fli=01;35:*.flv=01;35:*.gl=01;35:*.dl=01;35:*.xcf=01;35:*.xwd=01;35:*.yuv=01;35:*.cgm=01;35:*.emf=01;35:*.ogv=01;35:*.ogx=01;35:*.aac=00;36:*.au=00;36:*.flac=00;36:*.m4a=00;36:*.mid=00;36:*.midi=00;36:*.mka=00;36:*.mp3=00;36:*.mpc=00;36:*.ogg=00;36:*.ra=00;36:*.wav=00;36:*.oga=00;36:*.opus=00;36:*.spx=00;36:*.xspf=00;36:*~=00;90:*#=00;90:*.bak=00;90:*.crdownload=00;90:*.dpkg-dist=00;90:*.dpkg-new=00;90:*.dpkg-old=00;90:*.dpkg-tmp=00;90:*.old=00;90:*.orig=00;90:*.part=00;90:*.rej=00;90:*.rpmnew=00;90:*.rpmorig=00;90:*.rpmsave=00;90:*.swp=00;90:*.tmp=00;90:*.ucf-dist=00;90:*.ucf-new=00;90:*.ucf-old=00;90:', 'VSCODE_GIT_IPC_HANDLE': '/tmp/vscode-git-e9154552f7.sock', 'TERM_PROGRAM': 'vscode', 'SSH_AUTH_SOCK': '/tmp/vscode-ssh-auth-d5deef4d-6dd8-439f-b4c5-6f587243ee8d.sock', 'ROS_DOMAIN_ID': '0', 'AMENT_PREFIX_PATH': '/ws/install/gll_ros2:/ws/install/shinjuku_map:/opt/ros/jazzy', 'DEBIAN_FRONTEND': 'noninteractive', 'SHELL': '/bin/bash', 'LESSCLOSE': '/usr/bin/lesspipe %s %s', 'ROS_AUTOMATIC_DISCOVERY_RANGE': 'SUBNET', 'VSCODE_GIT_ASKPASS_EXTRA_ARGS': '', 'PWD': '/ws/src/gnss_and_lidar_localization/build/shinjuku_map', 'LC_ALL': 'C.UTF-8', 'COPILOT_DEBUG_NONCE': '9c495fabf8ce30cec93ddb08374a1d7d', 'RCUTILS_COLORIZED_OUTPUT': '1', 'PYTHONPATH': '/opt/ros/jazzy/opt/gz_math_vendor/lib/python:/opt/ros/jazzy/lib/python3.12/site-packages', 'HTTP_PROXY': 'http://10.77.8.70:8080', 'COLCON': '1', 'CMAKE_PREFIX_PATH': '/ws/install/gll_ros2:/ws/install/gll_core:/ws/install/tiled_pcd_map:/ws/install/shinjuku_map:/opt/ros/jazzy/opt/gz_math_vendor:/opt/ros/jazzy/opt/gz_utils_vendor:/opt/ros/jazzy/opt/gz_cmake_vendor:/opt/ros/jazzy'}), 'shell': False}
[0.098657] (shinjuku_map) StdoutLine: {'line': b'-- The C compiler identification is GNU 13.3.0\n'}
[0.099592] (-) TimerEvent: {}
[0.104112] (tiled_pcd_map) StdoutLine: {'line': b'-- The CXX compiler identification is GNU 13.3.0\n'}
[0.118874] (tiled_pcd_map) StdoutLine: {'line': b'-- Detecting CXX compiler ABI info\n'}
[0.143666] (shinjuku_map) StdoutLine: {'line': b'-- The CXX compiler identification is GNU 13.3.0\n'}
[0.158112] (shinjuku_map) StdoutLine: {'line': b'-- Detecting C compiler ABI info\n'}
[0.199683] (-) TimerEvent: {}
[0.208660] (tiled_pcd_map) StdoutLine: {'line': b'-- Detecting CXX compiler ABI info - done\n'}
[0.218550] (tiled_pcd_map) StdoutLine: {'line': b'-- Check for working CXX compiler: /usr/bin/c++ - skipped\n'}
[0.219005] (tiled_pcd_map) StdoutLine: {'line': b'-- Detecting CXX compile features\n'}
[0.219568] (tiled_pcd_map) StdoutLine: {'line': b'-- Detecting CXX compile features - done\n'}
[0.236581] (shinjuku_map) StdoutLine: {'line': b'-- Detecting C compiler ABI info - done\n'}
[0.246375] (shinjuku_map) StdoutLine: {'line': b'-- Check for working C compiler: /usr/bin/cc - skipped\n'}
[0.246658] (shinjuku_map) StdoutLine: {'line': b'-- Detecting C compile features\n'}
[0.247109] (shinjuku_map) StdoutLine: {'line': b'-- Detecting C compile features - done\n'}
[0.257114] (shinjuku_map) StdoutLine: {'line': b'-- Detecting CXX compiler ABI info\n'}
[0.299787] (-) TimerEvent: {}
[0.351734] (shinjuku_map) StdoutLine: {'line': b'-- Detecting CXX compiler ABI info - done\n'}
[0.362204] (shinjuku_map) StdoutLine: {'line': b'-- Check for working CXX compiler: /usr/bin/c++ - skipped\n'}
[0.362494] (shinjuku_map) StdoutLine: {'line': b'-- Detecting CXX compile features\n'}
[0.363003] (shinjuku_map) StdoutLine: {'line': b'-- Detecting CXX compile features - done\n'}
[0.368188] (shinjuku_map) StdoutLine: {'line': b'-- Found ament_cmake: 2.5.6 (/opt/ros/jazzy/share/ament_cmake/cmake)\n'}
[0.399934] (-) TimerEvent: {}
[0.427783] (tiled_pcd_map) StdoutLine: {'line': b'-- tiled_pcd_map: per-point covariances with small_gicp: ON\n'}
[0.428307] (tiled_pcd_map) StdoutLine: {'line': b'-- Performing Test CMAKE_HAVE_LIBC_PTHREAD\n'}
[0.485998] (shinjuku_map) StdoutLine: {'line': b'-- Found Python3: /usr/bin/python3 (found version "3.12.3") found components: Interpreter \n'}
[0.500040] (-) TimerEvent: {}
[0.526950] (tiled_pcd_map) StdoutLine: {'line': b'-- Performing Test CMAKE_HAVE_LIBC_PTHREAD - Success\n'}
[0.527980] (tiled_pcd_map) StdoutLine: {'line': b'-- Found Threads: TRUE  \n'}
[0.535356] (tiled_pcd_map) StdoutLine: {'line': b'-- Found GTest: /usr/lib/x86_64-linux-gnu/cmake/GTest/GTestConfig.cmake (found version "1.14.0")  \n'}
[0.535588] (tiled_pcd_map) StdoutLine: {'line': b'-- Configuring done (0.5s)\n'}
[0.544870] (tiled_pcd_map) StdoutLine: {'line': b'-- Generating done (0.0s)\n'}
[0.547264] (tiled_pcd_map) StdoutLine: {'line': b'-- Build files have been written to: /ws/src/gnss_and_lidar_localization/build/tiled_pcd_map\n'}
[0.549191] (tiled_pcd_map) CommandEnded: {'returncode': 0}
[0.549528] (tiled_pcd_map) JobProgress: {'identifier': 'tiled_pcd_map', 'progress': 'build'}
[0.549931] (tiled_pcd_map) Command: {'cmd': ['/usr/bin/cmake', '--build', '/ws/src/gnss_and_lidar_localization/build/tiled_pcd_map', '--', '-j24', '-l24'], 'cwd': '/ws/src/gnss_and_lidar_localization/build/tiled_pcd_map', 'env': OrderedDict({'LESSOPEN': '| /usr/bin/lesspipe %s', 'HTTPS_PROXY': 'http://10.77.8.70:8080', 'HOSTNAME': 'PC-20211221A020', 'GIT_ASKPASS': '/vscode/vscode-server/bin/linux-x64/04c0d99f4fb0d8afe6ce4f0c58e31e183ac3e4b1/extensions/git/dist/askpass.sh', 'SHLVL': '2', 'LD_LIBRARY_PATH': '/opt/ros/jazzy/opt/rviz_ogre_vendor/lib:/opt/ros/jazzy/lib/x86_64-linux-gnu:/opt/ros/jazzy/opt/gz_math_vendor/lib:/opt/ros/jazzy/opt/gz_utils_vendor/lib:/opt/ros/jazzy/opt/gz_cmake_vendor/lib:/opt/ros/jazzy/lib', 'BROWSER': '/vscode/vscode-server/bin/linux-x64/04c0d99f4fb0d8afe6ce4f0c58e31e183ac3e4b1/bin/helpers/browser.sh', 'HOME': '/home/ubuntu', 'OLDPWD': '/ws/src/gnss_and_lidar_localization/data', 'TERM_PROGRAM_VERSION': '1.139.1', 'VSCODE_IPC_HOOK_CLI': '/tmp/vscode-ipc-4786cdf9-aba8-4427-abe8-c6f31f94b56a.sock', 'ROS_PYTHON_VERSION': '3', 'VSCODE_GIT_ASKPASS_MAIN': '/vscode/vscode-server/bin/linux-x64/04c0d99f4fb0d8afe6ce4f0c58e31e183ac3e4b1/extensions/git/dist/askpass-main.js', 'VSCODE_GIT_ASKPASS_NODE': '/vscode/vscode-server/bin/linux-x64/04c0d99f4fb0d8afe6ce4f0c58e31e183ac3e4b1/node', 'VSCODE_PYTHON_AUTOACTIVATE_GUARD': '1', 'COLORTERM': 'truecolor', 'REMOTE_CONTAINERS': 'true', 'DEBUGINFOD_URLS': 'https://debuginfod.ubuntu.com', 'https_proxy': 'http://10.77.8.70:8080', 'COLCON_PREFIX_PATH': '/ws/install', 'ROS_DISTRO': 'jazzy', 'REMOTE_CONTAINERS_IPC': '/tmp/vscode-remote-containers-ipc-d5deef4d-6dd8-439f-b4c5-6f587243ee8d.sock', 'http_proxy': 'http://10.77.8.70:8080', '_': '/usr/bin/colcon', 'ROS_VERSION': '2', 'PKG_CONFIG_PATH': '/ws/install/gll_core/lib/x86_64-linux-gnu/pkgconfig:/ws/install/gll_core/lib/pkgconfig:/ws/install/tiled_pcd_map/lib/x86_64-linux-gnu/pkgconfig:/ws/install/tiled_pcd_map/lib/pkgconfig', 'TERM': 'xterm-256color', 'GLL_DATA': '/ws/src/gnss_and_lidar_localization/data', 'PATH': '/home/ubuntu/.vscode-server/data/User/globalStorage/github.copilot-chat/debugCommand:/home/ubuntu/.vscode-server/data/User/globalStorage/github.copilot-chat/copilotCli:/vscode/vscode-server/bin/linux-x64/04c0d99f4fb0d8afe6ce4f0c58e31e183ac3e4b1/bin/remote-cli:/ws/install/tiled_pcd_map/bin:/opt/ros/jazzy/bin:/usr/local/sbin:/usr/local/bin:/usr/sbin:/usr/bin:/sbin:/bin', 'REMOTE_CONTAINERS_SOCKETS': '["/tmp/vscode-ssh-auth-d5deef4d-6dd8-439f-b4c5-6f587243ee8d.sock","/home/ubuntu/.gnupg/S.gpg-agent"]', 'DISPLAY': '', 'LANG': 'C.UTF-8', 'LS_COLORS': 'rs=0:di=01;34:ln=01;36:mh=00:pi=40;33:so=01;35:do=01;35:bd=40;33;01:cd=40;33;01:or=40;31;01:mi=00:su=37;41:sg=30;43:ca=00:tw=30;42:ow=34;42:st=37;44:ex=01;32:*.tar=01;31:*.tgz=01;31:*.arc=01;31:*.arj=01;31:*.taz=01;31:*.lha=01;31:*.lz4=01;31:*.lzh=01;31:*.lzma=01;31:*.tlz=01;31:*.txz=01;31:*.tzo=01;31:*.t7z=01;31:*.zip=01;31:*.z=01;31:*.dz=01;31:*.gz=01;31:*.lrz=01;31:*.lz=01;31:*.lzo=01;31:*.xz=01;31:*.zst=01;31:*.tzst=01;31:*.bz2=01;31:*.bz=01;31:*.tbz=01;31:*.tbz2=01;31:*.tz=01;31:*.deb=01;31:*.rpm=01;31:*.jar=01;31:*.war=01;31:*.ear=01;31:*.sar=01;31:*.rar=01;31:*.alz=01;31:*.ace=01;31:*.zoo=01;31:*.cpio=01;31:*.7z=01;31:*.rz=01;31:*.cab=01;31:*.wim=01;31:*.swm=01;31:*.dwm=01;31:*.esd=01;31:*.avif=01;35:*.jpg=01;35:*.jpeg=01;35:*.mjpg=01;35:*.mjpeg=01;35:*.gif=01;35:*.bmp=01;35:*.pbm=01;35:*.pgm=01;35:*.ppm=01;35:*.tga=01;35:*.xbm=01;35:*.xpm=01;35:*.tif=01;35:*.tiff=01;35:*.png=01;35:*.svg=01;35:*.svgz=01;35:*.mng=01;35:*.pcx=01;35:*.mov=01;35:*.mpg=01;35:*.mpeg=01;35:*.m2v=01;35:*.mkv=01;35:*.webm=01;35:*.webp=01;35:*.ogm=01;35:*.mp4=01;35:*.m4v=01;35:*.mp4v=01;35:*.vob=01;35:*.qt=01;35:*.nuv=01;35:*.wmv=01;35:*.asf=01;35:*.rm=01;35:*.rmvb=01;35:*.flc=01;35:*.avi=01;35:*.fli=01;35:*.flv=01;35:*.gl=01;35:*.dl=01;35:*.xcf=01;35:*.xwd=01;35:*.yuv=01;35:*.cgm=01;35:*.emf=01;35:*.ogv=01;35:*.ogx=01;35:*.aac=00;36:*.au=00;36:*.flac=00;36:*.m4a=00;36:*.mid=00;36:*.midi=00;36:*.mka=00;36:*.mp3=00;36:*.mpc=00;36:*.ogg=00;36:*.ra=00;36:*.wav=00;36:*.oga=00;36:*.opus=00;36:*.spx=00;36:*.xspf=00;36:*~=00;90:*#=00;90:*.bak=00;90:*.crdownload=00;90:*.dpkg-dist=00;90:*.dpkg-new=00;90:*.dpkg-old=00;90:*.dpkg-tmp=00;90:*.old=00;90:*.orig=00;90:*.part=00;90:*.rej=00;90:*.rpmnew=00;90:*.rpmorig=00;90:*.rpmsave=00;90:*.swp=00;90:*.tmp=00;90:*.ucf-dist=00;90:*.ucf-new=00;90:*.ucf-old=00;90:', 'VSCODE_GIT_IPC_HANDLE': '/tmp/vscode-git-e9154552f7.sock', 'TERM_PROGRAM': 'vscode', 'SSH_AUTH_SOCK': '/tmp/vscode-ssh-auth-d5deef4d-6dd8-439f-b4c5-6f587243ee8d.sock', 'ROS_DOMAIN_ID': '0', 'AMENT_PREFIX_PATH': '/ws/install/gll_ros2:/ws/install/shinjuku_map:/opt/ros/jazzy', 'DEBIAN_FRONTEND': 'noninteractive', 'SHELL': '/bin/bash', 'LESSCLOSE': '/usr/bin/lesspipe %s %s', 'ROS_AUTOMATIC_DISCOVERY_RANGE': 'SUBNET', 'VSCODE_GIT_ASKPASS_EXTRA_ARGS': '', 'PWD': '/ws/src/gnss_and_lidar_localization/build/tiled_pcd_map', 'LC_ALL': 'C.UTF-8', 'COPILOT_DEBUG_NONCE': '9c495fabf8ce30cec93ddb08374a1d7d', 'RCUTILS_COLORIZED_OUTPUT': '1', 'PYTHONPATH': '/opt/ros/jazzy/opt/gz_math_vendor/lib/python:/opt/ros/jazzy/lib/python3.12/site-packages', 'HTTP_PROXY': 'http://10.77.8.70:8080', 'COLCON': '1', 'CMAKE_PREFIX_PATH': '/ws/install/gll_ros2:/ws/install/gll_core:/ws/install/tiled_pcd_map:/ws/install/shinjuku_map:/opt/ros/jazzy/opt/gz_math_vendor:/opt/ros/jazzy/opt/gz_utils_vendor:/opt/ros/jazzy/opt/gz_cmake_vendor:/opt/ros/jazzy'}), 'shell': False}
[0.597715] (tiled_pcd_map) StdoutLine: {'line': b'[  4%] \x1b[32mBuilding CXX object CMakeFiles/tiled_pcd_map.dir/src/geodesy.cpp.o\x1b[0m\n'}
[0.598406] (tiled_pcd_map) StdoutLine: {'line': b'[ 19%] \x1b[32mBuilding CXX object CMakeFiles/tiled_pcd_map.dir/src/pcd_io.cpp.o\x1b[0m\n'}
[0.598472] (tiled_pcd_map) StdoutLine: {'line': b'[ 19%] \x1b[32mBuilding CXX object CMakeFiles/tiled_pcd_map.dir/src/map_region.cpp.o\x1b[0m\n'}
[0.598509] (tiled_pcd_map) StdoutLine: {'line': b'[ 19%] \x1b[32mBuilding CXX object CMakeFiles/tiled_pcd_map.dir/src/tile.cpp.o\x1b[0m\n'}
[0.600108] (-) TimerEvent: {}
[0.600486] (tiled_pcd_map) StdoutLine: {'line': b'[ 23%] \x1b[32mBuilding CXX object CMakeFiles/tiled_pcd_map.dir/src/map_tiler.cpp.o\x1b[0m\n'}
[0.602926] (tiled_pcd_map) StdoutLine: {'line': b'[ 33%] \x1b[32mBuilding CXX object CMakeFiles/tiled_pcd_map.dir/src/map_config.cpp.o\x1b[0m\n'}
[0.603038] (tiled_pcd_map) StdoutLine: {'line': b'[ 33%] \x1b[32mBuilding CXX object CMakeFiles/tiled_pcd_map.dir/src/map_anchor.cpp.o\x1b[0m\n'}
[0.603575] (tiled_pcd_map) StdoutLine: {'line': b'[ 38%] \x1b[32mBuilding CXX object CMakeFiles/tiled_pcd_map.dir/src/map_tile_manager.cpp.o\x1b[0m\n'}
[0.625233] (shinjuku_map) StdoutLine: {'line': b'-- Configuring done (0.6s)\n'}
[0.630002] (shinjuku_map) StdoutLine: {'line': b'-- Generating done (0.0s)\n'}
[0.632292] (shinjuku_map) StdoutLine: {'line': b'-- Build files have been written to: /ws/src/gnss_and_lidar_localization/build/shinjuku_map\n'}
[0.636707] (shinjuku_map) CommandEnded: {'returncode': 0}
[0.637163] (shinjuku_map) JobProgress: {'identifier': 'shinjuku_map', 'progress': 'build'}
[0.637396] (shinjuku_map) Command: {'cmd': ['/usr/bin/cmake', '--build', '/ws/src/gnss_and_lidar_localization/build/shinjuku_map', '--', '-j24', '-l24'], 'cwd': '/ws/src/gnss_and_lidar_localization/build/shinjuku_map', 'env': OrderedDict({'LESSOPEN': '| /usr/bin/lesspipe %s', 'HTTPS_PROXY': 'http://10.77.8.70:8080', 'HOSTNAME': 'PC-20211221A020', 'GIT_ASKPASS': '/vscode/vscode-server/bin/linux-x64/04c0d99f4fb0d8afe6ce4f0c58e31e183ac3e4b1/extensions/git/dist/askpass.sh', 'SHLVL': '2', 'LD_LIBRARY_PATH': '/opt/ros/jazzy/opt/rviz_ogre_vendor/lib:/opt/ros/jazzy/lib/x86_64-linux-gnu:/opt/ros/jazzy/opt/gz_math_vendor/lib:/opt/ros/jazzy/opt/gz_utils_vendor/lib:/opt/ros/jazzy/opt/gz_cmake_vendor/lib:/opt/ros/jazzy/lib', 'BROWSER': '/vscode/vscode-server/bin/linux-x64/04c0d99f4fb0d8afe6ce4f0c58e31e183ac3e4b1/bin/helpers/browser.sh', 'HOME': '/home/ubuntu', 'OLDPWD': '/ws/src/gnss_and_lidar_localization/data', 'TERM_PROGRAM_VERSION': '1.139.1', 'VSCODE_IPC_HOOK_CLI': '/tmp/vscode-ipc-4786cdf9-aba8-4427-abe8-c6f31f94b56a.sock', 'ROS_PYTHON_VERSION': '3', 'VSCODE_GIT_ASKPASS_MAIN': '/vscode/vscode-server/bin/linux-x64/04c0d99f4fb0d8afe6ce4f0c58e31e183ac3e4b1/extensions/git/dist/askpass-main.js', 'VSCODE_GIT_ASKPASS_NODE': '/vscode/vscode-server/bin/linux-x64/04c0d99f4fb0d8afe6ce4f0c58e31e183ac3e4b1/node', 'VSCODE_PYTHON_AUTOACTIVATE_GUARD': '1', 'COLORTERM': 'truecolor', 'REMOTE_CONTAINERS': 'true', 'DEBUGINFOD_URLS': 'https://debuginfod.ubuntu.com', 'https_proxy': 'http://10.77.8.70:8080', 'COLCON_PREFIX_PATH': '/ws/install', 'ROS_DISTRO': 'jazzy', 'REMOTE_CONTAINERS_IPC': '/tmp/vscode-remote-containers-ipc-d5deef4d-6dd8-439f-b4c5-6f587243ee8d.sock', 'http_proxy': 'http://10.77.8.70:8080', '_': '/usr/bin/colcon', 'ROS_VERSION': '2', 'PKG_CONFIG_PATH': '/ws/install/gll_core/lib/x86_64-linux-gnu/pkgconfig:/ws/install/gll_core/lib/pkgconfig:/ws/install/tiled_pcd_map/lib/x86_64-linux-gnu/pkgconfig:/ws/install/tiled_pcd_map/lib/pkgconfig', 'TERM': 'xterm-256color', 'GLL_DATA': '/ws/src/gnss_and_lidar_localization/data', 'PATH': '/home/ubuntu/.vscode-server/data/User/globalStorage/github.copilot-chat/debugCommand:/home/ubuntu/.vscode-server/data/User/globalStorage/github.copilot-chat/copilotCli:/vscode/vscode-server/bin/linux-x64/04c0d99f4fb0d8afe6ce4f0c58e31e183ac3e4b1/bin/remote-cli:/ws/install/tiled_pcd_map/bin:/opt/ros/jazzy/bin:/usr/local/sbin:/usr/local/bin:/usr/sbin:/usr/bin:/sbin:/bin', 'REMOTE_CONTAINERS_SOCKETS': '["/tmp/vscode-ssh-auth-d5deef4d-6dd8-439f-b4c5-6f587243ee8d.sock","/home/ubuntu/.gnupg/S.gpg-agent"]', 'DISPLAY': '', 'LANG': 'C.UTF-8', 'LS_COLORS': 'rs=0:di=01;34:ln=01;36:mh=00:pi=40;33:so=01;35:do=01;35:bd=40;33;01:cd=40;33;01:or=40;31;01:mi=00:su=37;41:sg=30;43:ca=00:tw=30;42:ow=34;42:st=37;44:ex=01;32:*.tar=01;31:*.tgz=01;31:*.arc=01;31:*.arj=01;31:*.taz=01;31:*.lha=01;31:*.lz4=01;31:*.lzh=01;31:*.lzma=01;31:*.tlz=01;31:*.txz=01;31:*.tzo=01;31:*.t7z=01;31:*.zip=01;31:*.z=01;31:*.dz=01;31:*.gz=01;31:*.lrz=01;31:*.lz=01;31:*.lzo=01;31:*.xz=01;31:*.zst=01;31:*.tzst=01;31:*.bz2=01;31:*.bz=01;31:*.tbz=01;31:*.tbz2=01;31:*.tz=01;31:*.deb=01;31:*.rpm=01;31:*.jar=01;31:*.war=01;31:*.ear=01;31:*.sar=01;31:*.rar=01;31:*.alz=01;31:*.ace=01;31:*.zoo=01;31:*.cpio=01;31:*.7z=01;31:*.rz=01;31:*.cab=01;31:*.wim=01;31:*.swm=01;31:*.dwm=01;31:*.esd=01;31:*.avif=01;35:*.jpg=01;35:*.jpeg=01;35:*.mjpg=01;35:*.mjpeg=01;35:*.gif=01;35:*.bmp=01;35:*.pbm=01;35:*.pgm=01;35:*.ppm=01;35:*.tga=01;35:*.xbm=01;35:*.xpm=01;35:*.tif=01;35:*.tiff=01;35:*.png=01;35:*.svg=01;35:*.svgz=01;35:*.mng=01;35:*.pcx=01;35:*.mov=01;35:*.mpg=01;35:*.mpeg=01;35:*.m2v=01;35:*.mkv=01;35:*.webm=01;35:*.webp=01;35:*.ogm=01;35:*.mp4=01;35:*.m4v=01;35:*.mp4v=01;35:*.vob=01;35:*.qt=01;35:*.nuv=01;35:*.wmv=01;35:*.asf=01;35:*.rm=01;35:*.rmvb=01;35:*.flc=01;35:*.avi=01;35:*.fli=01;35:*.flv=01;35:*.gl=01;35:*.dl=01;35:*.xcf=01;35:*.xwd=01;35:*.yuv=01;35:*.cgm=01;35:*.emf=01;35:*.ogv=01;35:*.ogx=01;35:*.aac=00;36:*.au=00;36:*.flac=00;36:*.m4a=00;36:*.mid=00;36:*.midi=00;36:*.mka=00;36:*.mp3=00;36:*.mpc=00;36:*.ogg=00;36:*.ra=00;36:*.wav=00;36:*.oga=00;36:*.opus=00;36:*.spx=00;36:*.xspf=00;36:*~=00;90:*#=00;90:*.bak=00;90:*.crdownload=00;90:*.dpkg-dist=00;90:*.dpkg-new=00;90:*.dpkg-old=00;90:*.dpkg-tmp=00;90:*.old=00;90:*.orig=00;90:*.part=00;90:*.rej=00;90:*.rpmnew=00;90:*.rpmorig=00;90:*.rpmsave=00;90:*.swp=00;90:*.tmp=00;90:*.ucf-dist=00;90:*.ucf-new=00;90:*.ucf-old=00;90:', 'VSCODE_GIT_IPC_HANDLE': '/tmp/vscode-git-e9154552f7.sock', 'TERM_PROGRAM': 'vscode', 'SSH_AUTH_SOCK': '/tmp/vscode-ssh-auth-d5deef4d-6dd8-439f-b4c5-6f587243ee8d.sock', 'ROS_DOMAIN_ID': '0', 'AMENT_PREFIX_PATH': '/ws/install/gll_ros2:/ws/install/shinjuku_map:/opt/ros/jazzy', 'DEBIAN_FRONTEND': 'noninteractive', 'SHELL': '/bin/bash', 'LESSCLOSE': '/usr/bin/lesspipe %s %s', 'ROS_AUTOMATIC_DISCOVERY_RANGE': 'SUBNET', 'VSCODE_GIT_ASKPASS_EXTRA_ARGS': '', 'PWD': '/ws/src/gnss_and_lidar_localization/build/shinjuku_map', 'LC_ALL': 'C.UTF-8', 'COPILOT_DEBUG_NONCE': '9c495fabf8ce30cec93ddb08374a1d7d', 'RCUTILS_COLORIZED_OUTPUT': '1', 'PYTHONPATH': '/opt/ros/jazzy/opt/gz_math_vendor/lib/python:/opt/ros/jazzy/lib/python3.12/site-packages', 'HTTP_PROXY': 'http://10.77.8.70:8080', 'COLCON': '1', 'CMAKE_PREFIX_PATH': '/ws/install/gll_ros2:/ws/install/gll_core:/ws/install/tiled_pcd_map:/ws/install/shinjuku_map:/opt/ros/jazzy/opt/gz_math_vendor:/opt/ros/jazzy/opt/gz_utils_vendor:/opt/ros/jazzy/opt/gz_cmake_vendor:/opt/ros/jazzy'}), 'shell': False}
[0.687284] (shinjuku_map) CommandEnded: {'returncode': 0}
[0.687873] (shinjuku_map) JobProgress: {'identifier': 'shinjuku_map', 'progress': 'install'}
[0.698541] (shinjuku_map) Command: {'cmd': ['/usr/bin/cmake', '--install', '/ws/src/gnss_and_lidar_localization/build/shinjuku_map'], 'cwd': '/ws/src/gnss_and_lidar_localization/build/shinjuku_map', 'env': OrderedDict({'LESSOPEN': '| /usr/bin/lesspipe %s', 'HTTPS_PROXY': 'http://10.77.8.70:8080', 'HOSTNAME': 'PC-20211221A020', 'GIT_ASKPASS': '/vscode/vscode-server/bin/linux-x64/04c0d99f4fb0d8afe6ce4f0c58e31e183ac3e4b1/extensions/git/dist/askpass.sh', 'SHLVL': '2', 'LD_LIBRARY_PATH': '/opt/ros/jazzy/opt/rviz_ogre_vendor/lib:/opt/ros/jazzy/lib/x86_64-linux-gnu:/opt/ros/jazzy/opt/gz_math_vendor/lib:/opt/ros/jazzy/opt/gz_utils_vendor/lib:/opt/ros/jazzy/opt/gz_cmake_vendor/lib:/opt/ros/jazzy/lib', 'BROWSER': '/vscode/vscode-server/bin/linux-x64/04c0d99f4fb0d8afe6ce4f0c58e31e183ac3e4b1/bin/helpers/browser.sh', 'HOME': '/home/ubuntu', 'OLDPWD': '/ws/src/gnss_and_lidar_localization/data', 'TERM_PROGRAM_VERSION': '1.139.1', 'VSCODE_IPC_HOOK_CLI': '/tmp/vscode-ipc-4786cdf9-aba8-4427-abe8-c6f31f94b56a.sock', 'ROS_PYTHON_VERSION': '3', 'VSCODE_GIT_ASKPASS_MAIN': '/vscode/vscode-server/bin/linux-x64/04c0d99f4fb0d8afe6ce4f0c58e31e183ac3e4b1/extensions/git/dist/askpass-main.js', 'VSCODE_GIT_ASKPASS_NODE': '/vscode/vscode-server/bin/linux-x64/04c0d99f4fb0d8afe6ce4f0c58e31e183ac3e4b1/node', 'VSCODE_PYTHON_AUTOACTIVATE_GUARD': '1', 'COLORTERM': 'truecolor', 'REMOTE_CONTAINERS': 'true', 'DEBUGINFOD_URLS': 'https://debuginfod.ubuntu.com', 'https_proxy': 'http://10.77.8.70:8080', 'COLCON_PREFIX_PATH': '/ws/install', 'ROS_DISTRO': 'jazzy', 'REMOTE_CONTAINERS_IPC': '/tmp/vscode-remote-containers-ipc-d5deef4d-6dd8-439f-b4c5-6f587243ee8d.sock', 'http_proxy': 'http://10.77.8.70:8080', '_': '/usr/bin/colcon', 'ROS_VERSION': '2', 'PKG_CONFIG_PATH': '/ws/install/gll_core/lib/x86_64-linux-gnu/pkgconfig:/ws/install/gll_core/lib/pkgconfig:/ws/install/tiled_pcd_map/lib/x86_64-linux-gnu/pkgconfig:/ws/install/tiled_pcd_map/lib/pkgconfig', 'TERM': 'xterm-256color', 'GLL_DATA': '/ws/src/gnss_and_lidar_localization/data', 'PATH': '/home/ubuntu/.vscode-server/data/User/globalStorage/github.copilot-chat/debugCommand:/home/ubuntu/.vscode-server/data/User/globalStorage/github.copilot-chat/copilotCli:/vscode/vscode-server/bin/linux-x64/04c0d99f4fb0d8afe6ce4f0c58e31e183ac3e4b1/bin/remote-cli:/ws/install/tiled_pcd_map/bin:/opt/ros/jazzy/bin:/usr/local/sbin:/usr/local/bin:/usr/sbin:/usr/bin:/sbin:/bin', 'REMOTE_CONTAINERS_SOCKETS': '["/tmp/vscode-ssh-auth-d5deef4d-6dd8-439f-b4c5-6f587243ee8d.sock","/home/ubuntu/.gnupg/S.gpg-agent"]', 'DISPLAY': '', 'LANG': 'C.UTF-8', 'LS_COLORS': 'rs=0:di=01;34:ln=01;36:mh=00:pi=40;33:so=01;35:do=01;35:bd=40;33;01:cd=40;33;01:or=40;31;01:mi=00:su=37;41:sg=30;43:ca=00:tw=30;42:ow=34;42:st=37;44:ex=01;32:*.tar=01;31:*.tgz=01;31:*.arc=01;31:*.arj=01;31:*.taz=01;31:*.lha=01;31:*.lz4=01;31:*.lzh=01;31:*.lzma=01;31:*.tlz=01;31:*.txz=01;31:*.tzo=01;31:*.t7z=01;31:*.zip=01;31:*.z=01;31:*.dz=01;31:*.gz=01;31:*.lrz=01;31:*.lz=01;31:*.lzo=01;31:*.xz=01;31:*.zst=01;31:*.tzst=01;31:*.bz2=01;31:*.bz=01;31:*.tbz=01;31:*.tbz2=01;31:*.tz=01;31:*.deb=01;31:*.rpm=01;31:*.jar=01;31:*.war=01;31:*.ear=01;31:*.sar=01;31:*.rar=01;31:*.alz=01;31:*.ace=01;31:*.zoo=01;31:*.cpio=01;31:*.7z=01;31:*.rz=01;31:*.cab=01;31:*.wim=01;31:*.swm=01;31:*.dwm=01;31:*.esd=01;31:*.avif=01;35:*.jpg=01;35:*.jpeg=01;35:*.mjpg=01;35:*.mjpeg=01;35:*.gif=01;35:*.bmp=01;35:*.pbm=01;35:*.pgm=01;35:*.ppm=01;35:*.tga=01;35:*.xbm=01;35:*.xpm=01;35:*.tif=01;35:*.tiff=01;35:*.png=01;35:*.svg=01;35:*.svgz=01;35:*.mng=01;35:*.pcx=01;35:*.mov=01;35:*.mpg=01;35:*.mpeg=01;35:*.m2v=01;35:*.mkv=01;35:*.webm=01;35:*.webp=01;35:*.ogm=01;35:*.mp4=01;35:*.m4v=01;35:*.mp4v=01;35:*.vob=01;35:*.qt=01;35:*.nuv=01;35:*.wmv=01;35:*.asf=01;35:*.rm=01;35:*.rmvb=01;35:*.flc=01;35:*.avi=01;35:*.fli=01;35:*.flv=01;35:*.gl=01;35:*.dl=01;35:*.xcf=01;35:*.xwd=01;35:*.yuv=01;35:*.cgm=01;35:*.emf=01;35:*.ogv=01;35:*.ogx=01;35:*.aac=00;36:*.au=00;36:*.flac=00;36:*.m4a=00;36:*.mid=00;36:*.midi=00;36:*.mka=00;36:*.mp3=00;36:*.mpc=00;36:*.ogg=00;36:*.ra=00;36:*.wav=00;36:*.oga=00;36:*.opus=00;36:*.spx=00;36:*.xspf=00;36:*~=00;90:*#=00;90:*.bak=00;90:*.crdownload=00;90:*.dpkg-dist=00;90:*.dpkg-new=00;90:*.dpkg-old=00;90:*.dpkg-tmp=00;90:*.old=00;90:*.orig=00;90:*.part=00;90:*.rej=00;90:*.rpmnew=00;90:*.rpmorig=00;90:*.rpmsave=00;90:*.swp=00;90:*.tmp=00;90:*.ucf-dist=00;90:*.ucf-new=00;90:*.ucf-old=00;90:', 'VSCODE_GIT_IPC_HANDLE': '/tmp/vscode-git-e9154552f7.sock', 'TERM_PROGRAM': 'vscode', 'SSH_AUTH_SOCK': '/tmp/vscode-ssh-auth-d5deef4d-6dd8-439f-b4c5-6f587243ee8d.sock', 'ROS_DOMAIN_ID': '0', 'AMENT_PREFIX_PATH': '/ws/install/gll_ros2:/ws/install/shinjuku_map:/opt/ros/jazzy', 'DEBIAN_FRONTEND': 'noninteractive', 'SHELL': '/bin/bash', 'LESSCLOSE': '/usr/bin/lesspipe %s %s', 'ROS_AUTOMATIC_DISCOVERY_RANGE': 'SUBNET', 'VSCODE_GIT_ASKPASS_EXTRA_ARGS': '', 'PWD': '/ws/src/gnss_and_lidar_localization/build/shinjuku_map', 'LC_ALL': 'C.UTF-8', 'COPILOT_DEBUG_NONCE': '9c495fabf8ce30cec93ddb08374a1d7d', 'RCUTILS_COLORIZED_OUTPUT': '1', 'PYTHONPATH': '/opt/ros/jazzy/opt/gz_math_vendor/lib/python:/opt/ros/jazzy/lib/python3.12/site-packages', 'HTTP_PROXY': 'http://10.77.8.70:8080', 'COLCON': '1', 'CMAKE_PREFIX_PATH': '/ws/install/gll_ros2:/ws/install/gll_core:/ws/install/tiled_pcd_map:/ws/install/shinjuku_map:/opt/ros/jazzy/opt/gz_math_vendor:/opt/ros/jazzy/opt/gz_utils_vendor:/opt/ros/jazzy/opt/gz_cmake_vendor:/opt/ros/jazzy'}), 'shell': False}
[0.700199] (-) TimerEvent: {}
[0.708099] (shinjuku_map) StdoutLine: {'line': b'-- Install configuration: ""\n'}
[0.708224] (shinjuku_map) StdoutLine: {'line': b'-- Installing: /ws/src/gnss_and_lidar_localization/install/shinjuku_map/share/shinjuku_map/map\n'}
[0.708262] (shinjuku_map) StdoutLine: {'line': b'-- Installing: /ws/src/gnss_and_lidar_localization/install/shinjuku_map/share/shinjuku_map/map/map_projector_info.yaml\n'}
[0.708382] (shinjuku_map) StdoutLine: {'line': b'-- Installing: /ws/src/gnss_and_lidar_localization/install/shinjuku_map/share/shinjuku_map/map/lanelet2_map.osm\n'}
[0.717243] (shinjuku_map) StdoutLine: {'line': b'-- Installing: /ws/src/gnss_and_lidar_localization/install/shinjuku_map/share/shinjuku_map/map/pointcloud_map.pcd\n'}
[0.800306] (-) TimerEvent: {}
[0.900577] (-) TimerEvent: {}
[0.938800] (shinjuku_map) StdoutLine: {'line': b'-- Installing: /ws/src/gnss_and_lidar_localization/install/shinjuku_map/share/ament_index/resource_index/package_run_dependencies/shinjuku_map\n'}
[0.939106] (shinjuku_map) StdoutLine: {'line': b'-- Installing: /ws/src/gnss_and_lidar_localization/install/shinjuku_map/share/ament_index/resource_index/parent_prefix_path/shinjuku_map\n'}
[0.939397] (shinjuku_map) StdoutLine: {'line': b'-- Installing: /ws/src/gnss_and_lidar_localization/install/shinjuku_map/share/shinjuku_map/environment/ament_prefix_path.sh\n'}
[0.939699] (shinjuku_map) StdoutLine: {'line': b'-- Installing: /ws/src/gnss_and_lidar_localization/install/shinjuku_map/share/shinjuku_map/environment/ament_prefix_path.dsv\n'}
[0.939884] (shinjuku_map) StdoutLine: {'line': b'-- Installing: /ws/src/gnss_and_lidar_localization/install/shinjuku_map/share/shinjuku_map/environment/path.sh\n'}
[0.940113] (shinjuku_map) StdoutLine: {'line': b'-- Installing: /ws/src/gnss_and_lidar_localization/install/shinjuku_map/share/shinjuku_map/environment/path.dsv\n'}
[0.940334] (shinjuku_map) StdoutLine: {'line': b'-- Installing: /ws/src/gnss_and_lidar_localization/install/shinjuku_map/share/shinjuku_map/local_setup.bash\n'}
[0.940560] (shinjuku_map) StdoutLine: {'line': b'-- Installing: /ws/src/gnss_and_lidar_localization/install/shinjuku_map/share/shinjuku_map/local_setup.sh\n'}
[0.940765] (shinjuku_map) StdoutLine: {'line': b'-- Installing: /ws/src/gnss_and_lidar_localization/install/shinjuku_map/share/shinjuku_map/local_setup.zsh\n'}
[0.940983] (shinjuku_map) StdoutLine: {'line': b'-- Installing: /ws/src/gnss_and_lidar_localization/install/shinjuku_map/share/shinjuku_map/local_setup.dsv\n'}
[0.941205] (shinjuku_map) StdoutLine: {'line': b'-- Installing: /ws/src/gnss_and_lidar_localization/install/shinjuku_map/share/shinjuku_map/package.dsv\n'}
[0.941471] (shinjuku_map) StdoutLine: {'line': b'-- Installing: /ws/src/gnss_and_lidar_localization/install/shinjuku_map/share/ament_index/resource_index/packages/shinjuku_map\n'}
[0.941724] (shinjuku_map) StdoutLine: {'line': b'-- Installing: /ws/src/gnss_and_lidar_localization/install/shinjuku_map/share/shinjuku_map/cmake/shinjuku_mapConfig.cmake\n'}
[0.941924] (shinjuku_map) StdoutLine: {'line': b'-- Installing: /ws/src/gnss_and_lidar_localization/install/shinjuku_map/share/shinjuku_map/cmake/shinjuku_mapConfig-version.cmake\n'}
[0.942135] (shinjuku_map) StdoutLine: {'line': b'-- Installing: /ws/src/gnss_and_lidar_localization/install/shinjuku_map/share/shinjuku_map/package.xml\n'}
[0.944474] (shinjuku_map) CommandEnded: {'returncode': 0}
[0.966916] (shinjuku_map) JobEnded: {'identifier': 'shinjuku_map', 'rc': 0}
[1.000694] (-) TimerEvent: {}
[1.100992] (-) TimerEvent: {}
[1.201367] (-) TimerEvent: {}
[1.301708] (-) TimerEvent: {}
[1.401976] (-) TimerEvent: {}
[1.502331] (-) TimerEvent: {}
[1.602730] (-) TimerEvent: {}
[1.703046] (-) TimerEvent: {}
[1.803382] (-) TimerEvent: {}
[1.903675] (-) TimerEvent: {}
[2.003949] (-) TimerEvent: {}
[2.104304] (-) TimerEvent: {}
[2.204669] (-) TimerEvent: {}
[2.304954] (-) TimerEvent: {}
[2.405321] (-) TimerEvent: {}
[2.505603] (-) TimerEvent: {}
[2.605879] (-) TimerEvent: {}
[2.706239] (-) TimerEvent: {}
[2.806583] (-) TimerEvent: {}
[2.906932] (-) TimerEvent: {}
[3.007278] (-) TimerEvent: {}
[3.107572] (-) TimerEvent: {}
[3.156349] (tiled_pcd_map) StdoutLine: {'line': b'[ 42%] \x1b[32m\x1b[1mLinking CXX static library libtiled_pcd_map.a\x1b[0m\n'}
[3.190515] (tiled_pcd_map) StdoutLine: {'line': b'[ 42%] Built target tiled_pcd_map\n'}
[3.206622] (tiled_pcd_map) StdoutLine: {'line': b'[ 52%] \x1b[32mBuilding CXX object CMakeFiles/test_geodesy.dir/test/test_geodesy.cpp.o\x1b[0m\n'}
[3.206843] (tiled_pcd_map) StdoutLine: {'line': b'[ 52%] \x1b[32mBuilding CXX object CMakeFiles/test_map_io.dir/test/test_map_io.cpp.o\x1b[0m\n'}
[3.207668] (-) TimerEvent: {}
[3.214774] (tiled_pcd_map) StdoutLine: {'line': b'[ 57%] \x1b[32mBuilding CXX object CMakeFiles/tiled_pcd_map_tiler.dir/tools/map_tiler_main.cpp.o\x1b[0m\n'}
[3.214897] (tiled_pcd_map) StdoutLine: {'line': b'[ 61%] \x1b[32mBuilding CXX object CMakeFiles/test_se2.dir/test/test_se2.cpp.o\x1b[0m\n'}
[3.218465] (tiled_pcd_map) StdoutLine: {'line': b'[ 66%] \x1b[32mBuilding CXX object CMakeFiles/test_map_tile_manager.dir/test/test_map_tile_manager.cpp.o\x1b[0m\n'}
[3.218535] (tiled_pcd_map) StdoutLine: {'line': b'[ 71%] \x1b[32mBuilding CXX object CMakeFiles/tiled_pcd_map_demo.dir/tools/tile_demo_main.cpp.o\x1b[0m\n'}
[3.307804] (-) TimerEvent: {}
[3.408170] (-) TimerEvent: {}
[3.508524] (-) TimerEvent: {}
[3.608854] (-) TimerEvent: {}
[3.709234] (-) TimerEvent: {}
[3.809630] (-) TimerEvent: {}
[3.909981] (-) TimerEvent: {}
[3.940857] (tiled_pcd_map) StdoutLine: {'line': b'[ 76%] \x1b[32m\x1b[1mLinking CXX executable tiled_pcd_map_tiler\x1b[0m\n'}
[4.005035] (tiled_pcd_map) StdoutLine: {'line': b'[ 76%] Built target tiled_pcd_map_tiler\n'}
[4.010067] (-) TimerEvent: {}
[4.110427] (-) TimerEvent: {}
[4.142128] (tiled_pcd_map) StdoutLine: {'line': b'[ 80%] \x1b[32m\x1b[1mLinking CXX executable test_geodesy\x1b[0m\n'}
[4.210531] (-) TimerEvent: {}
[4.211233] (tiled_pcd_map) StdoutLine: {'line': b'[ 80%] Built target test_geodesy\n'}
[4.310730] (-) TimerEvent: {}
[4.340863] (tiled_pcd_map) StdoutLine: {'line': b'[ 85%] \x1b[32m\x1b[1mLinking CXX executable tiled_pcd_map_demo\x1b[0m\n'}
[4.405113] (tiled_pcd_map) StdoutLine: {'line': b'[ 85%] Built target tiled_pcd_map_demo\n'}
[4.410810] (-) TimerEvent: {}
[4.511154] (-) TimerEvent: {}
[4.611447] (-) TimerEvent: {}
[4.711806] (-) TimerEvent: {}
[4.812076] (-) TimerEvent: {}
[4.819541] (tiled_pcd_map) StdoutLine: {'line': b'[ 90%] \x1b[32m\x1b[1mLinking CXX executable test_se2\x1b[0m\n'}
[4.877902] (tiled_pcd_map) StdoutLine: {'line': b'[ 90%] Built target test_se2\n'}
[4.912236] (-) TimerEvent: {}
[5.012548] (-) TimerEvent: {}
[5.112864] (-) TimerEvent: {}
[5.213188] (-) TimerEvent: {}
[5.313513] (-) TimerEvent: {}
[5.406261] (tiled_pcd_map) StdoutLine: {'line': b'[ 95%] \x1b[32m\x1b[1mLinking CXX executable test_map_tile_manager\x1b[0m\n'}
[5.413678] (-) TimerEvent: {}
[5.469260] (tiled_pcd_map) StdoutLine: {'line': b'[ 95%] Built target test_map_tile_manager\n'}
[5.513790] (-) TimerEvent: {}
[5.614083] (-) TimerEvent: {}
[5.714384] (-) TimerEvent: {}
[5.770579] (tiled_pcd_map) StdoutLine: {'line': b'[100%] \x1b[32m\x1b[1mLinking CXX executable test_map_io\x1b[0m\n'}
[5.814547] (-) TimerEvent: {}
[5.840747] (tiled_pcd_map) StdoutLine: {'line': b'[100%] Built target test_map_io\n'}
[5.849074] (tiled_pcd_map) CommandEnded: {'returncode': 0}
[5.850061] (tiled_pcd_map) JobProgress: {'identifier': 'tiled_pcd_map', 'progress': 'install'}
[5.850539] (tiled_pcd_map) Command: {'cmd': ['/usr/bin/cmake', '--install', '/ws/src/gnss_and_lidar_localization/build/tiled_pcd_map'], 'cwd': '/ws/src/gnss_and_lidar_localization/build/tiled_pcd_map', 'env': OrderedDict({'LESSOPEN': '| /usr/bin/lesspipe %s', 'HTTPS_PROXY': 'http://10.77.8.70:8080', 'HOSTNAME': 'PC-20211221A020', 'GIT_ASKPASS': '/vscode/vscode-server/bin/linux-x64/04c0d99f4fb0d8afe6ce4f0c58e31e183ac3e4b1/extensions/git/dist/askpass.sh', 'SHLVL': '2', 'LD_LIBRARY_PATH': '/opt/ros/jazzy/opt/rviz_ogre_vendor/lib:/opt/ros/jazzy/lib/x86_64-linux-gnu:/opt/ros/jazzy/opt/gz_math_vendor/lib:/opt/ros/jazzy/opt/gz_utils_vendor/lib:/opt/ros/jazzy/opt/gz_cmake_vendor/lib:/opt/ros/jazzy/lib', 'BROWSER': '/vscode/vscode-server/bin/linux-x64/04c0d99f4fb0d8afe6ce4f0c58e31e183ac3e4b1/bin/helpers/browser.sh', 'HOME': '/home/ubuntu', 'OLDPWD': '/ws/src/gnss_and_lidar_localization/data', 'TERM_PROGRAM_VERSION': '1.139.1', 'VSCODE_IPC_HOOK_CLI': '/tmp/vscode-ipc-4786cdf9-aba8-4427-abe8-c6f31f94b56a.sock', 'ROS_PYTHON_VERSION': '3', 'VSCODE_GIT_ASKPASS_MAIN': '/vscode/vscode-server/bin/linux-x64/04c0d99f4fb0d8afe6ce4f0c58e31e183ac3e4b1/extensions/git/dist/askpass-main.js', 'VSCODE_GIT_ASKPASS_NODE': '/vscode/vscode-server/bin/linux-x64/04c0d99f4fb0d8afe6ce4f0c58e31e183ac3e4b1/node', 'VSCODE_PYTHON_AUTOACTIVATE_GUARD': '1', 'COLORTERM': 'truecolor', 'REMOTE_CONTAINERS': 'true', 'DEBUGINFOD_URLS': 'https://debuginfod.ubuntu.com', 'https_proxy': 'http://10.77.8.70:8080', 'COLCON_PREFIX_PATH': '/ws/install', 'ROS_DISTRO': 'jazzy', 'REMOTE_CONTAINERS_IPC': '/tmp/vscode-remote-containers-ipc-d5deef4d-6dd8-439f-b4c5-6f587243ee8d.sock', 'http_proxy': 'http://10.77.8.70:8080', '_': '/usr/bin/colcon', 'ROS_VERSION': '2', 'PKG_CONFIG_PATH': '/ws/install/gll_core/lib/x86_64-linux-gnu/pkgconfig:/ws/install/gll_core/lib/pkgconfig:/ws/install/tiled_pcd_map/lib/x86_64-linux-gnu/pkgconfig:/ws/install/tiled_pcd_map/lib/pkgconfig', 'TERM': 'xterm-256color', 'GLL_DATA': '/ws/src/gnss_and_lidar_localization/data', 'PATH': '/home/ubuntu/.vscode-server/data/User/globalStorage/github.copilot-chat/debugCommand:/home/ubuntu/.vscode-server/data/User/globalStorage/github.copilot-chat/copilotCli:/vscode/vscode-server/bin/linux-x64/04c0d99f4fb0d8afe6ce4f0c58e31e183ac3e4b1/bin/remote-cli:/ws/install/tiled_pcd_map/bin:/opt/ros/jazzy/bin:/usr/local/sbin:/usr/local/bin:/usr/sbin:/usr/bin:/sbin:/bin', 'REMOTE_CONTAINERS_SOCKETS': '["/tmp/vscode-ssh-auth-d5deef4d-6dd8-439f-b4c5-6f587243ee8d.sock","/home/ubuntu/.gnupg/S.gpg-agent"]', 'DISPLAY': '', 'LANG': 'C.UTF-8', 'LS_COLORS': 'rs=0:di=01;34:ln=01;36:mh=00:pi=40;33:so=01;35:do=01;35:bd=40;33;01:cd=40;33;01:or=40;31;01:mi=00:su=37;41:sg=30;43:ca=00:tw=30;42:ow=34;42:st=37;44:ex=01;32:*.tar=01;31:*.tgz=01;31:*.arc=01;31:*.arj=01;31:*.taz=01;31:*.lha=01;31:*.lz4=01;31:*.lzh=01;31:*.lzma=01;31:*.tlz=01;31:*.txz=01;31:*.tzo=01;31:*.t7z=01;31:*.zip=01;31:*.z=01;31:*.dz=01;31:*.gz=01;31:*.lrz=01;31:*.lz=01;31:*.lzo=01;31:*.xz=01;31:*.zst=01;31:*.tzst=01;31:*.bz2=01;31:*.bz=01;31:*.tbz=01;31:*.tbz2=01;31:*.tz=01;31:*.deb=01;31:*.rpm=01;31:*.jar=01;31:*.war=01;31:*.ear=01;31:*.sar=01;31:*.rar=01;31:*.alz=01;31:*.ace=01;31:*.zoo=01;31:*.cpio=01;31:*.7z=01;31:*.rz=01;31:*.cab=01;31:*.wim=01;31:*.swm=01;31:*.dwm=01;31:*.esd=01;31:*.avif=01;35:*.jpg=01;35:*.jpeg=01;35:*.mjpg=01;35:*.mjpeg=01;35:*.gif=01;35:*.bmp=01;35:*.pbm=01;35:*.pgm=01;35:*.ppm=01;35:*.tga=01;35:*.xbm=01;35:*.xpm=01;35:*.tif=01;35:*.tiff=01;35:*.png=01;35:*.svg=01;35:*.svgz=01;35:*.mng=01;35:*.pcx=01;35:*.mov=01;35:*.mpg=01;35:*.mpeg=01;35:*.m2v=01;35:*.mkv=01;35:*.webm=01;35:*.webp=01;35:*.ogm=01;35:*.mp4=01;35:*.m4v=01;35:*.mp4v=01;35:*.vob=01;35:*.qt=01;35:*.nuv=01;35:*.wmv=01;35:*.asf=01;35:*.rm=01;35:*.rmvb=01;35:*.flc=01;35:*.avi=01;35:*.fli=01;35:*.flv=01;35:*.gl=01;35:*.dl=01;35:*.xcf=01;35:*.xwd=01;35:*.yuv=01;35:*.cgm=01;35:*.emf=01;35:*.ogv=01;35:*.ogx=01;35:*.aac=00;36:*.au=00;36:*.flac=00;36:*.m4a=00;36:*.mid=00;36:*.midi=00;36:*.mka=00;36:*.mp3=00;36:*.mpc=00;36:*.ogg=00;36:*.ra=00;36:*.wav=00;36:*.oga=00;36:*.opus=00;36:*.spx=00;36:*.xspf=00;36:*~=00;90:*#=00;90:*.bak=00;90:*.crdownload=00;90:*.dpkg-dist=00;90:*.dpkg-new=00;90:*.dpkg-old=00;90:*.dpkg-tmp=00;90:*.old=00;90:*.orig=00;90:*.part=00;90:*.rej=00;90:*.rpmnew=00;90:*.rpmorig=00;90:*.rpmsave=00;90:*.swp=00;90:*.tmp=00;90:*.ucf-dist=00;90:*.ucf-new=00;90:*.ucf-old=00;90:', 'VSCODE_GIT_IPC_HANDLE': '/tmp/vscode-git-e9154552f7.sock', 'TERM_PROGRAM': 'vscode', 'SSH_AUTH_SOCK': '/tmp/vscode-ssh-auth-d5deef4d-6dd8-439f-b4c5-6f587243ee8d.sock', 'ROS_DOMAIN_ID': '0', 'AMENT_PREFIX_PATH': '/ws/install/gll_ros2:/ws/install/shinjuku_map:/opt/ros/jazzy', 'DEBIAN_FRONTEND': 'noninteractive', 'SHELL': '/bin/bash', 'LESSCLOSE': '/usr/bin/lesspipe %s %s', 'ROS_AUTOMATIC_DISCOVERY_RANGE': 'SUBNET', 'VSCODE_GIT_ASKPASS_EXTRA_ARGS': '', 'PWD': '/ws/src/gnss_and_lidar_localization/build/tiled_pcd_map', 'LC_ALL': 'C.UTF-8', 'COPILOT_DEBUG_NONCE': '9c495fabf8ce30cec93ddb08374a1d7d', 'RCUTILS_COLORIZED_OUTPUT': '1', 'PYTHONPATH': '/opt/ros/jazzy/opt/gz_math_vendor/lib/python:/opt/ros/jazzy/lib/python3.12/site-packages', 'HTTP_PROXY': 'http://10.77.8.70:8080', 'COLCON': '1', 'CMAKE_PREFIX_PATH': '/ws/install/gll_ros2:/ws/install/gll_core:/ws/install/tiled_pcd_map:/ws/install/shinjuku_map:/opt/ros/jazzy/opt/gz_math_vendor:/opt/ros/jazzy/opt/gz_utils_vendor:/opt/ros/jazzy/opt/gz_cmake_vendor:/opt/ros/jazzy'}), 'shell': False}
[5.861544] (tiled_pcd_map) StdoutLine: {'line': b'-- Install configuration: "Release"\n'}
[5.861687] (tiled_pcd_map) StdoutLine: {'line': b'-- Installing: /ws/src/gnss_and_lidar_localization/install/tiled_pcd_map/bin/tiled_pcd_map_tiler\n'}
[5.861935] (tiled_pcd_map) StdoutLine: {'line': b'-- Installing: /ws/src/gnss_and_lidar_localization/install/tiled_pcd_map/bin/tiled_pcd_map_demo\n'}
[5.862127] (tiled_pcd_map) StdoutLine: {'line': b'-- Installing: /ws/src/gnss_and_lidar_localization/install/tiled_pcd_map/lib/libtiled_pcd_map.a\n'}
[5.862580] (tiled_pcd_map) StdoutLine: {'line': b'-- Installing: /ws/src/gnss_and_lidar_localization/install/tiled_pcd_map/include\n'}
[5.862688] (tiled_pcd_map) StdoutLine: {'line': b'-- Installing: /ws/src/gnss_and_lidar_localization/install/tiled_pcd_map/include/tiled_pcd_map\n'}
[5.862782] (tiled_pcd_map) StdoutLine: {'line': b'-- Installing: /ws/src/gnss_and_lidar_localization/install/tiled_pcd_map/include/tiled_pcd_map/map_anchor.hpp\n'}
[5.862913] (tiled_pcd_map) StdoutLine: {'line': b'-- Installing: /ws/src/gnss_and_lidar_localization/install/tiled_pcd_map/include/tiled_pcd_map/pcd_io.hpp\n'}
[5.863027] (tiled_pcd_map) StdoutLine: {'line': b'-- Installing: /ws/src/gnss_and_lidar_localization/install/tiled_pcd_map/include/tiled_pcd_map/logger.hpp\n'}
[5.863118] (tiled_pcd_map) StdoutLine: {'line': b'-- Installing: /ws/src/gnss_and_lidar_localization/install/tiled_pcd_map/include/tiled_pcd_map/geodesy.hpp\n'}
[5.863208] (tiled_pcd_map) StdoutLine: {'line': b'-- Installing: /ws/src/gnss_and_lidar_localization/install/tiled_pcd_map/include/tiled_pcd_map/math.hpp\n'}
[5.863297] (tiled_pcd_map) StdoutLine: {'line': b'-- Installing: /ws/src/gnss_and_lidar_localization/install/tiled_pcd_map/include/tiled_pcd_map/map_config.hpp\n'}
[5.863384] (tiled_pcd_map) StdoutLine: {'line': b'-- Installing: /ws/src/gnss_and_lidar_localization/install/tiled_pcd_map/include/tiled_pcd_map/tile.hpp\n'}
[5.863470] (tiled_pcd_map) StdoutLine: {'line': b'-- Installing: /ws/src/gnss_and_lidar_localization/install/tiled_pcd_map/include/tiled_pcd_map/map_manager_config.hpp\n'}
[5.863559] (tiled_pcd_map) StdoutLine: {'line': b'-- Installing: /ws/src/gnss_and_lidar_localization/install/tiled_pcd_map/include/tiled_pcd_map/map_region.hpp\n'}
[5.863645] (tiled_pcd_map) StdoutLine: {'line': b'-- Installing: /ws/src/gnss_and_lidar_localization/install/tiled_pcd_map/include/tiled_pcd_map/map_tile_manager.hpp\n'}
[5.863737] (tiled_pcd_map) StdoutLine: {'line': b'-- Installing: /ws/src/gnss_and_lidar_localization/install/tiled_pcd_map/include/tiled_pcd_map/se2.hpp\n'}
[5.863826] (tiled_pcd_map) StdoutLine: {'line': b'-- Installing: /ws/src/gnss_and_lidar_localization/install/tiled_pcd_map/include/tiled_pcd_map/map_tiler.hpp\n'}
[5.863981] (tiled_pcd_map) StdoutLine: {'line': b'-- Installing: /ws/src/gnss_and_lidar_localization/install/tiled_pcd_map/lib/cmake/tiled_pcd_map/tiled_pcd_mapTargets.cmake\n'}
[5.864094] (tiled_pcd_map) StdoutLine: {'line': b'-- Installing: /ws/src/gnss_and_lidar_localization/install/tiled_pcd_map/lib/cmake/tiled_pcd_map/tiled_pcd_mapTargets-release.cmake\n'}
[5.864176] (tiled_pcd_map) StdoutLine: {'line': b'-- Installing: /ws/src/gnss_and_lidar_localization/install/tiled_pcd_map/lib/cmake/tiled_pcd_map/tiled_pcd_mapConfig.cmake\n'}
[5.864252] (tiled_pcd_map) StdoutLine: {'line': b'-- Installing: /ws/src/gnss_and_lidar_localization/install/tiled_pcd_map/lib/cmake/tiled_pcd_map/tiled_pcd_mapConfigVersion.cmake\n'}
[5.864840] (tiled_pcd_map) CommandEnded: {'returncode': 0}
[5.888975] (tiled_pcd_map) JobEnded: {'identifier': 'tiled_pcd_map', 'rc': 0}
[5.889525] (gll_core) JobStarted: {'identifier': 'gll_core'}
[5.896687] (gll_core) JobProgress: {'identifier': 'gll_core', 'progress': 'cmake'}
[5.897783] (gll_core) Command: {'cmd': ['/usr/bin/cmake', '/ws/src/gnss_and_lidar_localization/core', '-DCMAKE_INSTALL_PREFIX=/ws/src/gnss_and_lidar_localization/install/gll_core'], 'cwd': '/ws/src/gnss_and_lidar_localization/build/gll_core', 'env': OrderedDict({'LESSOPEN': '| /usr/bin/lesspipe %s', 'HTTPS_PROXY': 'http://10.77.8.70:8080', 'HOSTNAME': 'PC-20211221A020', 'GIT_ASKPASS': '/vscode/vscode-server/bin/linux-x64/04c0d99f4fb0d8afe6ce4f0c58e31e183ac3e4b1/extensions/git/dist/askpass.sh', 'SHLVL': '2', 'LD_LIBRARY_PATH': '/opt/ros/jazzy/opt/rviz_ogre_vendor/lib:/opt/ros/jazzy/lib/x86_64-linux-gnu:/opt/ros/jazzy/opt/gz_math_vendor/lib:/opt/ros/jazzy/opt/gz_utils_vendor/lib:/opt/ros/jazzy/opt/gz_cmake_vendor/lib:/opt/ros/jazzy/lib', 'BROWSER': '/vscode/vscode-server/bin/linux-x64/04c0d99f4fb0d8afe6ce4f0c58e31e183ac3e4b1/bin/helpers/browser.sh', 'HOME': '/home/ubuntu', 'OLDPWD': '/ws/src/gnss_and_lidar_localization/data', 'TERM_PROGRAM_VERSION': '1.139.1', 'VSCODE_IPC_HOOK_CLI': '/tmp/vscode-ipc-4786cdf9-aba8-4427-abe8-c6f31f94b56a.sock', 'ROS_PYTHON_VERSION': '3', 'VSCODE_GIT_ASKPASS_MAIN': '/vscode/vscode-server/bin/linux-x64/04c0d99f4fb0d8afe6ce4f0c58e31e183ac3e4b1/extensions/git/dist/askpass-main.js', 'VSCODE_GIT_ASKPASS_NODE': '/vscode/vscode-server/bin/linux-x64/04c0d99f4fb0d8afe6ce4f0c58e31e183ac3e4b1/node', 'VSCODE_PYTHON_AUTOACTIVATE_GUARD': '1', 'COLORTERM': 'truecolor', 'REMOTE_CONTAINERS': 'true', 'DEBUGINFOD_URLS': 'https://debuginfod.ubuntu.com', 'https_proxy': 'http://10.77.8.70:8080', 'COLCON_PREFIX_PATH': '/ws/install', 'ROS_DISTRO': 'jazzy', 'REMOTE_CONTAINERS_IPC': '/tmp/vscode-remote-containers-ipc-d5deef4d-6dd8-439f-b4c5-6f587243ee8d.sock', 'http_proxy': 'http://10.77.8.70:8080', '_': '/usr/bin/colcon', 'ROS_VERSION': '2', 'PKG_CONFIG_PATH': '/ws/src/gnss_and_lidar_localization/install/tiled_pcd_map/lib/x86_64-linux-gnu/pkgconfig:/ws/src/gnss_and_lidar_localization/install/tiled_pcd_map/lib/pkgconfig:/ws/install/gll_core/lib/x86_64-linux-gnu/pkgconfig:/ws/install/gll_core/lib/pkgconfig:/ws/install/tiled_pcd_map/lib/x86_64-linux-gnu/pkgconfig:/ws/install/tiled_pcd_map/lib/pkgconfig', 'TERM': 'xterm-256color', 'GLL_DATA': '/ws/src/gnss_and_lidar_localization/data', 'PATH': '/ws/src/gnss_and_lidar_localization/install/tiled_pcd_map/bin:/home/ubuntu/.vscode-server/data/User/globalStorage/github.copilot-chat/debugCommand:/home/ubuntu/.vscode-server/data/User/globalStorage/github.copilot-chat/copilotCli:/vscode/vscode-server/bin/linux-x64/04c0d99f4fb0d8afe6ce4f0c58e31e183ac3e4b1/bin/remote-cli:/ws/install/tiled_pcd_map/bin:/opt/ros/jazzy/bin:/usr/local/sbin:/usr/local/bin:/usr/sbin:/usr/bin:/sbin:/bin', 'REMOTE_CONTAINERS_SOCKETS': '["/tmp/vscode-ssh-auth-d5deef4d-6dd8-439f-b4c5-6f587243ee8d.sock","/home/ubuntu/.gnupg/S.gpg-agent"]', 'DISPLAY': '', 'LANG': 'C.UTF-8', 'LS_COLORS': 'rs=0:di=01;34:ln=01;36:mh=00:pi=40;33:so=01;35:do=01;35:bd=40;33;01:cd=40;33;01:or=40;31;01:mi=00:su=37;41:sg=30;43:ca=00:tw=30;42:ow=34;42:st=37;44:ex=01;32:*.tar=01;31:*.tgz=01;31:*.arc=01;31:*.arj=01;31:*.taz=01;31:*.lha=01;31:*.lz4=01;31:*.lzh=01;31:*.lzma=01;31:*.tlz=01;31:*.txz=01;31:*.tzo=01;31:*.t7z=01;31:*.zip=01;31:*.z=01;31:*.dz=01;31:*.gz=01;31:*.lrz=01;31:*.lz=01;31:*.lzo=01;31:*.xz=01;31:*.zst=01;31:*.tzst=01;31:*.bz2=01;31:*.bz=01;31:*.tbz=01;31:*.tbz2=01;31:*.tz=01;31:*.deb=01;31:*.rpm=01;31:*.jar=01;31:*.war=01;31:*.ear=01;31:*.sar=01;31:*.rar=01;31:*.alz=01;31:*.ace=01;31:*.zoo=01;31:*.cpio=01;31:*.7z=01;31:*.rz=01;31:*.cab=01;31:*.wim=01;31:*.swm=01;31:*.dwm=01;31:*.esd=01;31:*.avif=01;35:*.jpg=01;35:*.jpeg=01;35:*.mjpg=01;35:*.mjpeg=01;35:*.gif=01;35:*.bmp=01;35:*.pbm=01;35:*.pgm=01;35:*.ppm=01;35:*.tga=01;35:*.xbm=01;35:*.xpm=01;35:*.tif=01;35:*.tiff=01;35:*.png=01;35:*.svg=01;35:*.svgz=01;35:*.mng=01;35:*.pcx=01;35:*.mov=01;35:*.mpg=01;35:*.mpeg=01;35:*.m2v=01;35:*.mkv=01;35:*.webm=01;35:*.webp=01;35:*.ogm=01;35:*.mp4=01;35:*.m4v=01;35:*.mp4v=01;35:*.vob=01;35:*.qt=01;35:*.nuv=01;35:*.wmv=01;35:*.asf=01;35:*.rm=01;35:*.rmvb=01;35:*.flc=01;35:*.avi=01;35:*.fli=01;35:*.flv=01;35:*.gl=01;35:*.dl=01;35:*.xcf=01;35:*.xwd=01;35:*.yuv=01;35:*.cgm=01;35:*.emf=01;35:*.ogv=01;35:*.ogx=01;35:*.aac=00;36:*.au=00;36:*.flac=00;36:*.m4a=00;36:*.mid=00;36:*.midi=00;36:*.mka=00;36:*.mp3=00;36:*.mpc=00;36:*.ogg=00;36:*.ra=00;36:*.wav=00;36:*.oga=00;36:*.opus=00;36:*.spx=00;36:*.xspf=00;36:*~=00;90:*#=00;90:*.bak=00;90:*.crdownload=00;90:*.dpkg-dist=00;90:*.dpkg-new=00;90:*.dpkg-old=00;90:*.dpkg-tmp=00;90:*.old=00;90:*.orig=00;90:*.part=00;90:*.rej=00;90:*.rpmnew=00;90:*.rpmorig=00;90:*.rpmsave=00;90:*.swp=00;90:*.tmp=00;90:*.ucf-dist=00;90:*.ucf-new=00;90:*.ucf-old=00;90:', 'VSCODE_GIT_IPC_HANDLE': '/tmp/vscode-git-e9154552f7.sock', 'TERM_PROGRAM': 'vscode', 'SSH_AUTH_SOCK': '/tmp/vscode-ssh-auth-d5deef4d-6dd8-439f-b4c5-6f587243ee8d.sock', 'ROS_DOMAIN_ID': '0', 'AMENT_PREFIX_PATH': '/ws/install/gll_ros2:/ws/install/shinjuku_map:/opt/ros/jazzy', 'DEBIAN_FRONTEND': 'noninteractive', 'SHELL': '/bin/bash', 'LESSCLOSE': '/usr/bin/lesspipe %s %s', 'ROS_AUTOMATIC_DISCOVERY_RANGE': 'SUBNET', 'VSCODE_GIT_ASKPASS_EXTRA_ARGS': '', 'PWD': '/ws/src/gnss_and_lidar_localization/build/gll_core', 'LC_ALL': 'C.UTF-8', 'COPILOT_DEBUG_NONCE': '9c495fabf8ce30cec93ddb08374a1d7d', 'RCUTILS_COLORIZED_OUTPUT': '1', 'PYTHONPATH': '/opt/ros/jazzy/opt/gz_math_vendor/lib/python:/opt/ros/jazzy/lib/python3.12/site-packages', 'HTTP_PROXY': 'http://10.77.8.70:8080', 'COLCON': '1', 'CMAKE_PREFIX_PATH': '/ws/src/gnss_and_lidar_localization/install/tiled_pcd_map:/ws/install/gll_ros2:/ws/install/gll_core:/ws/install/tiled_pcd_map:/ws/install/shinjuku_map:/opt/ros/jazzy/opt/gz_math_vendor:/opt/ros/jazzy/opt/gz_utils_vendor:/opt/ros/jazzy/opt/gz_cmake_vendor:/opt/ros/jazzy'}), 'shell': False}
[5.914652] (-) TimerEvent: {}
[5.983364] (gll_core) StdoutLine: {'line': b'-- The CXX compiler identification is GNU 13.3.0\n'}
[5.997567] (gll_core) StdoutLine: {'line': b'-- Detecting CXX compiler ABI info\n'}
[6.014755] (-) TimerEvent: {}
[6.077400] (gll_core) StdoutLine: {'line': b'-- Detecting CXX compiler ABI info - done\n'}
[6.088708] (gll_core) StdoutLine: {'line': b'-- Check for working CXX compiler: /usr/bin/c++ - skipped\n'}
[6.088985] (gll_core) StdoutLine: {'line': b'-- Detecting CXX compile features\n'}
[6.089498] (gll_core) StdoutLine: {'line': b'-- Detecting CXX compile features - done\n'}
[6.114826] (-) TimerEvent: {}
[6.215117] (-) TimerEvent: {}
[6.315562] (-) TimerEvent: {}
[6.382293] (gll_core) StdoutLine: {'line': b'-- Found OpenMP_CXX: -fopenmp (found version "4.5") \n'}
[6.382430] (gll_core) StdoutLine: {'line': b'-- Found OpenMP: TRUE (found version "4.5") found components: CXX \n'}
[6.385731] (gll_core) StdoutLine: {'line': b'-- Found OpenMP_CXX: -fopenmp (found version "4.5") \n'}
[6.415672] (-) TimerEvent: {}
[6.508761] (gll_core) StdoutLine: {'line': b'-- Found GTest: /usr/lib/x86_64-linux-gnu/cmake/GTest/GTestConfig.cmake (found version "1.14.0")  \n'}
[6.509113] (gll_core) StdoutLine: {'line': b'-- Configuring done (0.6s)\n'}
[6.515724] (-) TimerEvent: {}
[6.522496] (gll_core) StdoutLine: {'line': b'-- Generating done (0.0s)\n'}
[6.525840] (gll_core) StdoutLine: {'line': b'-- Build files have been written to: /ws/src/gnss_and_lidar_localization/build/gll_core\n'}
[6.528025] (gll_core) CommandEnded: {'returncode': 0}
[6.528235] (gll_core) JobProgress: {'identifier': 'gll_core', 'progress': 'build'}
[6.528247] (gll_core) Command: {'cmd': ['/usr/bin/cmake', '--build', '/ws/src/gnss_and_lidar_localization/build/gll_core', '--', '-j24', '-l24'], 'cwd': '/ws/src/gnss_and_lidar_localization/build/gll_core', 'env': OrderedDict({'LESSOPEN': '| /usr/bin/lesspipe %s', 'HTTPS_PROXY': 'http://10.77.8.70:8080', 'HOSTNAME': 'PC-20211221A020', 'GIT_ASKPASS': '/vscode/vscode-server/bin/linux-x64/04c0d99f4fb0d8afe6ce4f0c58e31e183ac3e4b1/extensions/git/dist/askpass.sh', 'SHLVL': '2', 'LD_LIBRARY_PATH': '/opt/ros/jazzy/opt/rviz_ogre_vendor/lib:/opt/ros/jazzy/lib/x86_64-linux-gnu:/opt/ros/jazzy/opt/gz_math_vendor/lib:/opt/ros/jazzy/opt/gz_utils_vendor/lib:/opt/ros/jazzy/opt/gz_cmake_vendor/lib:/opt/ros/jazzy/lib', 'BROWSER': '/vscode/vscode-server/bin/linux-x64/04c0d99f4fb0d8afe6ce4f0c58e31e183ac3e4b1/bin/helpers/browser.sh', 'HOME': '/home/ubuntu', 'OLDPWD': '/ws/src/gnss_and_lidar_localization/data', 'TERM_PROGRAM_VERSION': '1.139.1', 'VSCODE_IPC_HOOK_CLI': '/tmp/vscode-ipc-4786cdf9-aba8-4427-abe8-c6f31f94b56a.sock', 'ROS_PYTHON_VERSION': '3', 'VSCODE_GIT_ASKPASS_MAIN': '/vscode/vscode-server/bin/linux-x64/04c0d99f4fb0d8afe6ce4f0c58e31e183ac3e4b1/extensions/git/dist/askpass-main.js', 'VSCODE_GIT_ASKPASS_NODE': '/vscode/vscode-server/bin/linux-x64/04c0d99f4fb0d8afe6ce4f0c58e31e183ac3e4b1/node', 'VSCODE_PYTHON_AUTOACTIVATE_GUARD': '1', 'COLORTERM': 'truecolor', 'REMOTE_CONTAINERS': 'true', 'DEBUGINFOD_URLS': 'https://debuginfod.ubuntu.com', 'https_proxy': 'http://10.77.8.70:8080', 'COLCON_PREFIX_PATH': '/ws/install', 'ROS_DISTRO': 'jazzy', 'REMOTE_CONTAINERS_IPC': '/tmp/vscode-remote-containers-ipc-d5deef4d-6dd8-439f-b4c5-6f587243ee8d.sock', 'http_proxy': 'http://10.77.8.70:8080', '_': '/usr/bin/colcon', 'ROS_VERSION': '2', 'PKG_CONFIG_PATH': '/ws/src/gnss_and_lidar_localization/install/tiled_pcd_map/lib/x86_64-linux-gnu/pkgconfig:/ws/src/gnss_and_lidar_localization/install/tiled_pcd_map/lib/pkgconfig:/ws/install/gll_core/lib/x86_64-linux-gnu/pkgconfig:/ws/install/gll_core/lib/pkgconfig:/ws/install/tiled_pcd_map/lib/x86_64-linux-gnu/pkgconfig:/ws/install/tiled_pcd_map/lib/pkgconfig', 'TERM': 'xterm-256color', 'GLL_DATA': '/ws/src/gnss_and_lidar_localization/data', 'PATH': '/ws/src/gnss_and_lidar_localization/install/tiled_pcd_map/bin:/home/ubuntu/.vscode-server/data/User/globalStorage/github.copilot-chat/debugCommand:/home/ubuntu/.vscode-server/data/User/globalStorage/github.copilot-chat/copilotCli:/vscode/vscode-server/bin/linux-x64/04c0d99f4fb0d8afe6ce4f0c58e31e183ac3e4b1/bin/remote-cli:/ws/install/tiled_pcd_map/bin:/opt/ros/jazzy/bin:/usr/local/sbin:/usr/local/bin:/usr/sbin:/usr/bin:/sbin:/bin', 'REMOTE_CONTAINERS_SOCKETS': '["/tmp/vscode-ssh-auth-d5deef4d-6dd8-439f-b4c5-6f587243ee8d.sock","/home/ubuntu/.gnupg/S.gpg-agent"]', 'DISPLAY': '', 'LANG': 'C.UTF-8', 'LS_COLORS': 'rs=0:di=01;34:ln=01;36:mh=00:pi=40;33:so=01;35:do=01;35:bd=40;33;01:cd=40;33;01:or=40;31;01:mi=00:su=37;41:sg=30;43:ca=00:tw=30;42:ow=34;42:st=37;44:ex=01;32:*.tar=01;31:*.tgz=01;31:*.arc=01;31:*.arj=01;31:*.taz=01;31:*.lha=01;31:*.lz4=01;31:*.lzh=01;31:*.lzma=01;31:*.tlz=01;31:*.txz=01;31:*.tzo=01;31:*.t7z=01;31:*.zip=01;31:*.z=01;31:*.dz=01;31:*.gz=01;31:*.lrz=01;31:*.lz=01;31:*.lzo=01;31:*.xz=01;31:*.zst=01;31:*.tzst=01;31:*.bz2=01;31:*.bz=01;31:*.tbz=01;31:*.tbz2=01;31:*.tz=01;31:*.deb=01;31:*.rpm=01;31:*.jar=01;31:*.war=01;31:*.ear=01;31:*.sar=01;31:*.rar=01;31:*.alz=01;31:*.ace=01;31:*.zoo=01;31:*.cpio=01;31:*.7z=01;31:*.rz=01;31:*.cab=01;31:*.wim=01;31:*.swm=01;31:*.dwm=01;31:*.esd=01;31:*.avif=01;35:*.jpg=01;35:*.jpeg=01;35:*.mjpg=01;35:*.mjpeg=01;35:*.gif=01;35:*.bmp=01;35:*.pbm=01;35:*.pgm=01;35:*.ppm=01;35:*.tga=01;35:*.xbm=01;35:*.xpm=01;35:*.tif=01;35:*.tiff=01;35:*.png=01;35:*.svg=01;35:*.svgz=01;35:*.mng=01;35:*.pcx=01;35:*.mov=01;35:*.mpg=01;35:*.mpeg=01;35:*.m2v=01;35:*.mkv=01;35:*.webm=01;35:*.webp=01;35:*.ogm=01;35:*.mp4=01;35:*.m4v=01;35:*.mp4v=01;35:*.vob=01;35:*.qt=01;35:*.nuv=01;35:*.wmv=01;35:*.asf=01;35:*.rm=01;35:*.rmvb=01;35:*.flc=01;35:*.avi=01;35:*.fli=01;35:*.flv=01;35:*.gl=01;35:*.dl=01;35:*.xcf=01;35:*.xwd=01;35:*.yuv=01;35:*.cgm=01;35:*.emf=01;35:*.ogv=01;35:*.ogx=01;35:*.aac=00;36:*.au=00;36:*.flac=00;36:*.m4a=00;36:*.mid=00;36:*.midi=00;36:*.mka=00;36:*.mp3=00;36:*.mpc=00;36:*.ogg=00;36:*.ra=00;36:*.wav=00;36:*.oga=00;36:*.opus=00;36:*.spx=00;36:*.xspf=00;36:*~=00;90:*#=00;90:*.bak=00;90:*.crdownload=00;90:*.dpkg-dist=00;90:*.dpkg-new=00;90:*.dpkg-old=00;90:*.dpkg-tmp=00;90:*.old=00;90:*.orig=00;90:*.part=00;90:*.rej=00;90:*.rpmnew=00;90:*.rpmorig=00;90:*.rpmsave=00;90:*.swp=00;90:*.tmp=00;90:*.ucf-dist=00;90:*.ucf-new=00;90:*.ucf-old=00;90:', 'VSCODE_GIT_IPC_HANDLE': '/tmp/vscode-git-e9154552f7.sock', 'TERM_PROGRAM': 'vscode', 'SSH_AUTH_SOCK': '/tmp/vscode-ssh-auth-d5deef4d-6dd8-439f-b4c5-6f587243ee8d.sock', 'ROS_DOMAIN_ID': '0', 'AMENT_PREFIX_PATH': '/ws/install/gll_ros2:/ws/install/shinjuku_map:/opt/ros/jazzy', 'DEBIAN_FRONTEND': 'noninteractive', 'SHELL': '/bin/bash', 'LESSCLOSE': '/usr/bin/lesspipe %s %s', 'ROS_AUTOMATIC_DISCOVERY_RANGE': 'SUBNET', 'VSCODE_GIT_ASKPASS_EXTRA_ARGS': '', 'PWD': '/ws/src/gnss_and_lidar_localization/build/gll_core', 'LC_ALL': 'C.UTF-8', 'COPILOT_DEBUG_NONCE': '9c495fabf8ce30cec93ddb08374a1d7d', 'RCUTILS_COLORIZED_OUTPUT': '1', 'PYTHONPATH': '/opt/ros/jazzy/opt/gz_math_vendor/lib/python:/opt/ros/jazzy/lib/python3.12/site-packages', 'HTTP_PROXY': 'http://10.77.8.70:8080', 'COLCON': '1', 'CMAKE_PREFIX_PATH': '/ws/src/gnss_and_lidar_localization/install/tiled_pcd_map:/ws/install/gll_ros2:/ws/install/gll_core:/ws/install/tiled_pcd_map:/ws/install/shinjuku_map:/opt/ros/jazzy/opt/gz_math_vendor:/opt/ros/jazzy/opt/gz_utils_vendor:/opt/ros/jazzy/opt/gz_cmake_vendor:/opt/ros/jazzy'}), 'shell': False}
[6.610051] (gll_core) StdoutLine: {'line': b'[  2%] \x1b[32mBuilding CXX object CMakeFiles/gll_core.dir/src/inv_ekf_se2.cpp.o\x1b[0m\n'}
[6.610347] (gll_core) StdoutLine: {'line': b'[  5%] \x1b[32mBuilding CXX object CMakeFiles/gll_core.dir/src/state_estimator.cpp.o\x1b[0m\n'}
[6.615818] (-) TimerEvent: {}
[6.616747] (gll_core) StdoutLine: {'line': b'[  7%] \x1b[32mBuilding CXX object CMakeFiles/gll_core.dir/src/output_smoother.cpp.o\x1b[0m\n'}
[6.617273] (gll_core) StdoutLine: {'line': b'[ 10%] \x1b[32mBuilding CXX object CMakeFiles/gll_core.dir/src/status_monitor.cpp.o\x1b[0m\n'}
[6.618451] (gll_core) StdoutLine: {'line': b'[ 12%] \x1b[32mBuilding CXX object CMakeFiles/gll_core.dir/src/motion_input_builder.cpp.o\x1b[0m\n'}
[6.618801] (gll_core) StdoutLine: {'line': b'[ 15%] \x1b[32mBuilding CXX object CMakeFiles/gll_core.dir/src/gnss_measurement_builder.cpp.o\x1b[0m\n'}
[6.619440] (gll_core) StdoutLine: {'line': b'[ 20%] \x1b[32mBuilding CXX object CMakeFiles/gll_core.dir/src/attitude_estimator.cpp.o\x1b[0m\n'}
[6.619546] (gll_core) StdoutLine: {'line': b'[ 20%] \x1b[32mBuilding CXX object CMakeFiles/gll_core.dir/src/mahalanobis_gate.cpp.o\x1b[0m\n'}
[6.620393] (gll_core) StdoutLine: {'line': b'[ 22%] \x1b[32mBuilding CXX object CMakeFiles/gll_core.dir/src/recovery_manager.cpp.o\x1b[0m\n'}
[6.621011] (gll_core) StdoutLine: {'line': b'[ 27%] \x1b[32mBuilding CXX object CMakeFiles/gll_core.dir/src/gicp_matcher.cpp.o\x1b[0m\n'}
[6.621144] (gll_core) StdoutLine: {'line': b'[ 27%] \x1b[32mBuilding CXX object CMakeFiles/gll_core.dir/src/scan_preprocessor.cpp.o\x1b[0m\n'}
[6.621817] (gll_core) StdoutLine: {'line': b'[ 32%] \x1b[32mBuilding CXX object CMakeFiles/gll_core.dir/src/pose_store.cpp.o\x1b[0m\n'}
[6.621932] (gll_core) StdoutLine: {'line': b'[ 32%] \x1b[32mBuilding CXX object CMakeFiles/gll_core.dir/src/lidar_measurement_builder.cpp.o\x1b[0m\n'}
[6.622180] (gll_core) StdoutLine: {'line': b'[ 35%] \x1b[32mBuilding CXX object CMakeFiles/gll_core.dir/src/state_history.cpp.o\x1b[0m\n'}
[6.623736] (gll_core) StdoutLine: {'line': b'[ 37%] \x1b[32mBuilding CXX object CMakeFiles/gll_core.dir/src/es_ekf_2d.cpp.o\x1b[0m\n'}
[6.623947] (gll_core) StdoutLine: {'line': b'[ 40%] \x1b[32mBuilding CXX object CMakeFiles/gll_core.dir/src/source_arbiter.cpp.o\x1b[0m\n'}
[6.624072] (gll_core) StdoutLine: {'line': b'[ 42%] \x1b[32mBuilding CXX object CMakeFiles/gll_core.dir/src/localizer.cpp.o\x1b[0m\n'}
[6.624890] (gll_core) StdoutLine: {'line': b'[ 45%] \x1b[32mBuilding CXX object CMakeFiles/gll_core.dir/src/stop_detector.cpp.o\x1b[0m\n'}
[6.625754] (gll_core) StdoutLine: {'line': b'[ 47%] \x1b[32mBuilding CXX object CMakeFiles/gll_core.dir/src/initializer.cpp.o\x1b[0m\n'}
[6.715926] (-) TimerEvent: {}
[6.816197] (-) TimerEvent: {}
[6.916517] (-) TimerEvent: {}
[7.016896] (-) TimerEvent: {}
[7.117217] (-) TimerEvent: {}
[7.217527] (-) TimerEvent: {}
[7.317849] (-) TimerEvent: {}
[7.418177] (-) TimerEvent: {}
[7.518480] (-) TimerEvent: {}
[7.618800] (-) TimerEvent: {}
[7.719136] (-) TimerEvent: {}
[7.819440] (-) TimerEvent: {}
[7.919766] (-) TimerEvent: {}
[8.020089] (-) TimerEvent: {}
[8.120405] (-) TimerEvent: {}
[8.220689] (-) TimerEvent: {}
[8.321006] (-) TimerEvent: {}
[8.421318] (-) TimerEvent: {}
[8.521667] (-) TimerEvent: {}
[8.622081] (-) TimerEvent: {}
[8.722475] (-) TimerEvent: {}
[8.822881] (-) TimerEvent: {}
[8.923280] (-) TimerEvent: {}
[9.023684] (-) TimerEvent: {}
[9.124097] (-) TimerEvent: {}
[9.224446] (-) TimerEvent: {}
[9.324847] (-) TimerEvent: {}
[9.425203] (-) TimerEvent: {}
[9.525507] (-) TimerEvent: {}
[9.625802] (-) TimerEvent: {}
[9.726148] (-) TimerEvent: {}
[9.826500] (-) TimerEvent: {}
[9.926969] (-) TimerEvent: {}
[10.027285] (-) TimerEvent: {}
[10.127622] (-) TimerEvent: {}
[10.227942] (-) TimerEvent: {}
[10.328293] (-) TimerEvent: {}
[10.428585] (-) TimerEvent: {}
[10.528888] (-) TimerEvent: {}
[10.629161] (-) TimerEvent: {}
[10.729451] (-) TimerEvent: {}
[10.829674] (-) TimerEvent: {}
[10.929911] (-) TimerEvent: {}
[11.030116] (-) TimerEvent: {}
[11.130386] (-) TimerEvent: {}
[11.230691] (-) TimerEvent: {}
[11.330896] (-) TimerEvent: {}
[11.431174] (-) TimerEvent: {}
[11.531409] (-) TimerEvent: {}
[11.631609] (-) TimerEvent: {}
[11.731825] (-) TimerEvent: {}
[11.832014] (-) TimerEvent: {}
[11.932236] (-) TimerEvent: {}
[12.032497] (-) TimerEvent: {}
[12.132715] (-) TimerEvent: {}
[12.233003] (-) TimerEvent: {}
[12.333276] (-) TimerEvent: {}
[12.433570] (-) TimerEvent: {}
[12.533856] (-) TimerEvent: {}
[12.634142] (-) TimerEvent: {}
[12.734431] (-) TimerEvent: {}
[12.834717] (-) TimerEvent: {}
[12.934988] (-) TimerEvent: {}
[13.035207] (-) TimerEvent: {}
[13.135479] (-) TimerEvent: {}
[13.235742] (-) TimerEvent: {}
[13.335937] (-) TimerEvent: {}
[13.436203] (-) TimerEvent: {}
[13.536471] (-) TimerEvent: {}
[13.636737] (-) TimerEvent: {}
[13.737011] (-) TimerEvent: {}
[13.837278] (-) TimerEvent: {}
[13.937569] (-) TimerEvent: {}
[14.037851] (-) TimerEvent: {}
[14.138088] (-) TimerEvent: {}
[14.166745] (gll_core) StdoutLine: {'line': b'[ 50%] \x1b[32m\x1b[1mLinking CXX static library libgll_core.a\x1b[0m\n'}
[14.228034] (gll_core) StdoutLine: {'line': b'[ 50%] Built target gll_core\n'}
[14.238282] (-) TimerEvent: {}
[14.254959] (gll_core) StdoutLine: {'line': b'[ 52%] \x1b[32mBuilding CXX object CMakeFiles/test_attitude_estimator.dir/test/test_attitude_estimator.cpp.o\x1b[0m\n'}
[14.255221] (gll_core) StdoutLine: {'line': b'[ 57%] \x1b[32mBuilding CXX object CMakeFiles/test_mahalanobis_gate.dir/test/test_mahalanobis_gate.cpp.o\x1b[0m\n'}
[14.255335] (gll_core) StdoutLine: {'line': b'[ 57%] \x1b[32mBuilding CXX object CMakeFiles/test_estimators.dir/test/test_estimators.cpp.o\x1b[0m\n'}
[14.255443] (gll_core) StdoutLine: {'line': b'[ 60%] \x1b[32mBuilding CXX object CMakeFiles/test_output_smoother.dir/test/test_output_smoother.cpp.o\x1b[0m\n'}
[14.255538] (gll_core) StdoutLine: {'line': b'[ 62%] \x1b[32mBuilding CXX object CMakeFiles/test_lidar_localization.dir/test/test_lidar_localization.cpp.o\x1b[0m\n'}
[14.256459] (gll_core) StdoutLine: {'line': b'[ 65%] \x1b[32mBuilding CXX object CMakeFiles/test_scan_matching.dir/test/test_scan_matching.cpp.o\x1b[0m\n'}
[14.260153] (gll_core) StdoutLine: {'line': b'[ 67%] \x1b[32mBuilding CXX object CMakeFiles/test_gnss_measurement_builder.dir/test/test_gnss_measurement_builder.cpp.o\x1b[0m\n'}
[14.264817] (gll_core) StdoutLine: {'line': b'[ 70%] \x1b[32mBuilding CXX object CMakeFiles/test_localizer_sim.dir/test/test_localizer_sim.cpp.o\x1b[0m\n'}
[14.271788] (gll_core) StdoutLine: {'line': b'[ 72%] \x1b[32mBuilding CXX object CMakeFiles/test_state_history.dir/test/test_state_history.cpp.o\x1b[0m\n'}
[14.274597] (gll_core) StdoutLine: {'line': b'[ 75%] \x1b[32mBuilding CXX object CMakeFiles/test_recovery_manager.dir/test/test_recovery_manager.cpp.o\x1b[0m\n'}
[14.338410] (-) TimerEvent: {}
[14.438759] (-) TimerEvent: {}
[14.539069] (-) TimerEvent: {}
[14.639389] (-) TimerEvent: {}
[14.739721] (-) TimerEvent: {}
[14.840042] (-) TimerEvent: {}
[14.940369] (-) TimerEvent: {}
[15.040688] (-) TimerEvent: {}
[15.141011] (-) TimerEvent: {}
[15.190113] (gll_core) StdoutLine: {'line': b'[ 77%] \x1b[32m\x1b[1mLinking CXX executable test_mahalanobis_gate\x1b[0m\n'}
[15.241158] (-) TimerEvent: {}
[15.313413] (gll_core) StdoutLine: {'line': b'[ 77%] Built target test_mahalanobis_gate\n'}
[15.341279] (-) TimerEvent: {}
[15.403141] (gll_core) StdoutLine: {'line': b'[ 80%] \x1b[32m\x1b[1mLinking CXX executable test_output_smoother\x1b[0m\n'}
[15.441402] (-) TimerEvent: {}
[15.499678] (gll_core) StdoutLine: {'line': b'[ 80%] Built target test_output_smoother\n'}
[15.541574] (-) TimerEvent: {}
[15.641976] (-) TimerEvent: {}
[15.742357] (-) TimerEvent: {}
[15.815500] (gll_core) StdoutLine: {'line': b'[ 82%] \x1b[32m\x1b[1mLinking CXX executable test_gnss_measurement_builder\x1b[0m\n'}
[15.842488] (-) TimerEvent: {}
[15.892099] (gll_core) StdoutLine: {'line': b'[ 82%] Built target test_gnss_measurement_builder\n'}
[15.938967] (gll_core) StdoutLine: {'line': b'[ 85%] \x1b[32m\x1b[1mLinking CXX executable test_state_history\x1b[0m\n'}
[15.942585] (-) TimerEvent: {}
[16.018708] (gll_core) StdoutLine: {'line': b'[ 85%] Built target test_state_history\n'}
[16.042695] (-) TimerEvent: {}
[16.143007] (-) TimerEvent: {}
[16.225298] (gll_core) StdoutLine: {'line': b'[ 87%] \x1b[32m\x1b[1mLinking CXX executable test_attitude_estimator\x1b[0m\n'}
[16.243133] (-) TimerEvent: {}
[16.294262] (gll_core) StdoutLine: {'line': b'[ 87%] Built target test_attitude_estimator\n'}
[16.343255] (-) TimerEvent: {}
[16.381086] (gll_core) StdoutLine: {'line': b'[ 90%] \x1b[32m\x1b[1mLinking CXX executable test_recovery_manager\x1b[0m\n'}
[16.443361] (-) TimerEvent: {}
[16.450352] (gll_core) StdoutLine: {'line': b'[ 90%] Built target test_recovery_manager\n'}
[16.543482] (-) TimerEvent: {}
[16.643769] (-) TimerEvent: {}
[16.706825] (gll_core) StdoutLine: {'line': b'[ 92%] \x1b[32m\x1b[1mLinking CXX executable test_estimators\x1b[0m\n'}
[16.743876] (-) TimerEvent: {}
[16.776069] (gll_core) StdoutLine: {'line': b'[ 92%] Built target test_estimators\n'}
[16.843994] (-) TimerEvent: {}
[16.944285] (-) TimerEvent: {}
[17.030129] (gll_core) StdoutLine: {'line': b'[ 95%] \x1b[32m\x1b[1mLinking CXX executable test_localizer_sim\x1b[0m\n'}
[17.044392] (-) TimerEvent: {}
[17.100988] (gll_core) StdoutLine: {'line': b'[ 95%] Built target test_localizer_sim\n'}
[17.144519] (-) TimerEvent: {}
[17.244882] (-) TimerEvent: {}
[17.345246] (-) TimerEvent: {}
[17.445618] (-) TimerEvent: {}
[17.545941] (-) TimerEvent: {}
[17.646295] (-) TimerEvent: {}
[17.746644] (-) TimerEvent: {}
[17.846894] (-) TimerEvent: {}
[17.947215] (-) TimerEvent: {}
[18.047567] (-) TimerEvent: {}
[18.147841] (-) TimerEvent: {}
[18.248168] (-) TimerEvent: {}
[18.348440] (-) TimerEvent: {}
[18.448758] (-) TimerEvent: {}
[18.549081] (-) TimerEvent: {}
[18.649403] (-) TimerEvent: {}
[18.749679] (-) TimerEvent: {}
[18.849937] (-) TimerEvent: {}
[18.950282] (-) TimerEvent: {}
[19.050622] (-) TimerEvent: {}
[19.150948] (-) TimerEvent: {}
[19.154061] (gll_core) StdoutLine: {'line': b'[ 97%] \x1b[32m\x1b[1mLinking CXX executable test_lidar_localization\x1b[0m\n'}
[19.226652] (gll_core) StdoutLine: {'line': b'[ 97%] Built target test_lidar_localization\n'}
[19.251059] (-) TimerEvent: {}
[19.351391] (-) TimerEvent: {}
[19.451736] (-) TimerEvent: {}
[19.551996] (-) TimerEvent: {}
[19.652264] (-) TimerEvent: {}
[19.752548] (-) TimerEvent: {}
[19.852814] (-) TimerEvent: {}
[19.953073] (-) TimerEvent: {}
[20.053422] (-) TimerEvent: {}
[20.153763] (-) TimerEvent: {}
[20.254016] (-) TimerEvent: {}
[20.354283] (-) TimerEvent: {}
[20.454630] (-) TimerEvent: {}
[20.555052] (-) TimerEvent: {}
[20.655332] (-) TimerEvent: {}
[20.755603] (-) TimerEvent: {}
[20.855977] (-) TimerEvent: {}
[20.947033] (gll_core) StdoutLine: {'line': b'[100%] \x1b[32m\x1b[1mLinking CXX executable test_scan_matching\x1b[0m\n'}
[20.956060] (-) TimerEvent: {}
[21.012874] (gll_core) StdoutLine: {'line': b'[100%] Built target test_scan_matching\n'}
[21.024445] (gll_core) CommandEnded: {'returncode': 0}
[21.024902] (gll_core) JobProgress: {'identifier': 'gll_core', 'progress': 'install'}
[21.025113] (gll_core) Command: {'cmd': ['/usr/bin/cmake', '--install', '/ws/src/gnss_and_lidar_localization/build/gll_core'], 'cwd': '/ws/src/gnss_and_lidar_localization/build/gll_core', 'env': OrderedDict({'LESSOPEN': '| /usr/bin/lesspipe %s', 'HTTPS_PROXY': 'http://10.77.8.70:8080', 'HOSTNAME': 'PC-20211221A020', 'GIT_ASKPASS': '/vscode/vscode-server/bin/linux-x64/04c0d99f4fb0d8afe6ce4f0c58e31e183ac3e4b1/extensions/git/dist/askpass.sh', 'SHLVL': '2', 'LD_LIBRARY_PATH': '/opt/ros/jazzy/opt/rviz_ogre_vendor/lib:/opt/ros/jazzy/lib/x86_64-linux-gnu:/opt/ros/jazzy/opt/gz_math_vendor/lib:/opt/ros/jazzy/opt/gz_utils_vendor/lib:/opt/ros/jazzy/opt/gz_cmake_vendor/lib:/opt/ros/jazzy/lib', 'BROWSER': '/vscode/vscode-server/bin/linux-x64/04c0d99f4fb0d8afe6ce4f0c58e31e183ac3e4b1/bin/helpers/browser.sh', 'HOME': '/home/ubuntu', 'OLDPWD': '/ws/src/gnss_and_lidar_localization/data', 'TERM_PROGRAM_VERSION': '1.139.1', 'VSCODE_IPC_HOOK_CLI': '/tmp/vscode-ipc-4786cdf9-aba8-4427-abe8-c6f31f94b56a.sock', 'ROS_PYTHON_VERSION': '3', 'VSCODE_GIT_ASKPASS_MAIN': '/vscode/vscode-server/bin/linux-x64/04c0d99f4fb0d8afe6ce4f0c58e31e183ac3e4b1/extensions/git/dist/askpass-main.js', 'VSCODE_GIT_ASKPASS_NODE': '/vscode/vscode-server/bin/linux-x64/04c0d99f4fb0d8afe6ce4f0c58e31e183ac3e4b1/node', 'VSCODE_PYTHON_AUTOACTIVATE_GUARD': '1', 'COLORTERM': 'truecolor', 'REMOTE_CONTAINERS': 'true', 'DEBUGINFOD_URLS': 'https://debuginfod.ubuntu.com', 'https_proxy': 'http://10.77.8.70:8080', 'COLCON_PREFIX_PATH': '/ws/install', 'ROS_DISTRO': 'jazzy', 'REMOTE_CONTAINERS_IPC': '/tmp/vscode-remote-containers-ipc-d5deef4d-6dd8-439f-b4c5-6f587243ee8d.sock', 'http_proxy': 'http://10.77.8.70:8080', '_': '/usr/bin/colcon', 'ROS_VERSION': '2', 'PKG_CONFIG_PATH': '/ws/src/gnss_and_lidar_localization/install/tiled_pcd_map/lib/x86_64-linux-gnu/pkgconfig:/ws/src/gnss_and_lidar_localization/install/tiled_pcd_map/lib/pkgconfig:/ws/install/gll_core/lib/x86_64-linux-gnu/pkgconfig:/ws/install/gll_core/lib/pkgconfig:/ws/install/tiled_pcd_map/lib/x86_64-linux-gnu/pkgconfig:/ws/install/tiled_pcd_map/lib/pkgconfig', 'TERM': 'xterm-256color', 'GLL_DATA': '/ws/src/gnss_and_lidar_localization/data', 'PATH': '/ws/src/gnss_and_lidar_localization/install/tiled_pcd_map/bin:/home/ubuntu/.vscode-server/data/User/globalStorage/github.copilot-chat/debugCommand:/home/ubuntu/.vscode-server/data/User/globalStorage/github.copilot-chat/copilotCli:/vscode/vscode-server/bin/linux-x64/04c0d99f4fb0d8afe6ce4f0c58e31e183ac3e4b1/bin/remote-cli:/ws/install/tiled_pcd_map/bin:/opt/ros/jazzy/bin:/usr/local/sbin:/usr/local/bin:/usr/sbin:/usr/bin:/sbin:/bin', 'REMOTE_CONTAINERS_SOCKETS': '["/tmp/vscode-ssh-auth-d5deef4d-6dd8-439f-b4c5-6f587243ee8d.sock","/home/ubuntu/.gnupg/S.gpg-agent"]', 'DISPLAY': '', 'LANG': 'C.UTF-8', 'LS_COLORS': 'rs=0:di=01;34:ln=01;36:mh=00:pi=40;33:so=01;35:do=01;35:bd=40;33;01:cd=40;33;01:or=40;31;01:mi=00:su=37;41:sg=30;43:ca=00:tw=30;42:ow=34;42:st=37;44:ex=01;32:*.tar=01;31:*.tgz=01;31:*.arc=01;31:*.arj=01;31:*.taz=01;31:*.lha=01;31:*.lz4=01;31:*.lzh=01;31:*.lzma=01;31:*.tlz=01;31:*.txz=01;31:*.tzo=01;31:*.t7z=01;31:*.zip=01;31:*.z=01;31:*.dz=01;31:*.gz=01;31:*.lrz=01;31:*.lz=01;31:*.lzo=01;31:*.xz=01;31:*.zst=01;31:*.tzst=01;31:*.bz2=01;31:*.bz=01;31:*.tbz=01;31:*.tbz2=01;31:*.tz=01;31:*.deb=01;31:*.rpm=01;31:*.jar=01;31:*.war=01;31:*.ear=01;31:*.sar=01;31:*.rar=01;31:*.alz=01;31:*.ace=01;31:*.zoo=01;31:*.cpio=01;31:*.7z=01;31:*.rz=01;31:*.cab=01;31:*.wim=01;31:*.swm=01;31:*.dwm=01;31:*.esd=01;31:*.avif=01;35:*.jpg=01;35:*.jpeg=01;35:*.mjpg=01;35:*.mjpeg=01;35:*.gif=01;35:*.bmp=01;35:*.pbm=01;35:*.pgm=01;35:*.ppm=01;35:*.tga=01;35:*.xbm=01;35:*.xpm=01;35:*.tif=01;35:*.tiff=01;35:*.png=01;35:*.svg=01;35:*.svgz=01;35:*.mng=01;35:*.pcx=01;35:*.mov=01;35:*.mpg=01;35:*.mpeg=01;35:*.m2v=01;35:*.mkv=01;35:*.webm=01;35:*.webp=01;35:*.ogm=01;35:*.mp4=01;35:*.m4v=01;35:*.mp4v=01;35:*.vob=01;35:*.qt=01;35:*.nuv=01;35:*.wmv=01;35:*.asf=01;35:*.rm=01;35:*.rmvb=01;35:*.flc=01;35:*.avi=01;35:*.fli=01;35:*.flv=01;35:*.gl=01;35:*.dl=01;35:*.xcf=01;35:*.xwd=01;35:*.yuv=01;35:*.cgm=01;35:*.emf=01;35:*.ogv=01;35:*.ogx=01;35:*.aac=00;36:*.au=00;36:*.flac=00;36:*.m4a=00;36:*.mid=00;36:*.midi=00;36:*.mka=00;36:*.mp3=00;36:*.mpc=00;36:*.ogg=00;36:*.ra=00;36:*.wav=00;36:*.oga=00;36:*.opus=00;36:*.spx=00;36:*.xspf=00;36:*~=00;90:*#=00;90:*.bak=00;90:*.crdownload=00;90:*.dpkg-dist=00;90:*.dpkg-new=00;90:*.dpkg-old=00;90:*.dpkg-tmp=00;90:*.old=00;90:*.orig=00;90:*.part=00;90:*.rej=00;90:*.rpmnew=00;90:*.rpmorig=00;90:*.rpmsave=00;90:*.swp=00;90:*.tmp=00;90:*.ucf-dist=00;90:*.ucf-new=00;90:*.ucf-old=00;90:', 'VSCODE_GIT_IPC_HANDLE': '/tmp/vscode-git-e9154552f7.sock', 'TERM_PROGRAM': 'vscode', 'SSH_AUTH_SOCK': '/tmp/vscode-ssh-auth-d5deef4d-6dd8-439f-b4c5-6f587243ee8d.sock', 'ROS_DOMAIN_ID': '0', 'AMENT_PREFIX_PATH': '/ws/install/gll_ros2:/ws/install/shinjuku_map:/opt/ros/jazzy', 'DEBIAN_FRONTEND': 'noninteractive', 'SHELL': '/bin/bash', 'LESSCLOSE': '/usr/bin/lesspipe %s %s', 'ROS_AUTOMATIC_DISCOVERY_RANGE': 'SUBNET', 'VSCODE_GIT_ASKPASS_EXTRA_ARGS': '', 'PWD': '/ws/src/gnss_and_lidar_localization/build/gll_core', 'LC_ALL': 'C.UTF-8', 'COPILOT_DEBUG_NONCE': '9c495fabf8ce30cec93ddb08374a1d7d', 'RCUTILS_COLORIZED_OUTPUT': '1', 'PYTHONPATH': '/opt/ros/jazzy/opt/gz_math_vendor/lib/python:/opt/ros/jazzy/lib/python3.12/site-packages', 'HTTP_PROXY': 'http://10.77.8.70:8080', 'COLCON': '1', 'CMAKE_PREFIX_PATH': '/ws/src/gnss_and_lidar_localization/install/tiled_pcd_map:/ws/install/gll_ros2:/ws/install/gll_core:/ws/install/tiled_pcd_map:/ws/install/shinjuku_map:/opt/ros/jazzy/opt/gz_math_vendor:/opt/ros/jazzy/opt/gz_utils_vendor:/opt/ros/jazzy/opt/gz_cmake_vendor:/opt/ros/jazzy'}), 'shell': False}
[21.030294] (gll_core) StdoutLine: {'line': b'-- Install configuration: "Release"\n'}
[21.030407] (gll_core) StdoutLine: {'line': b'-- Installing: /ws/src/gnss_and_lidar_localization/install/gll_core/lib/libgll_core.a\n'}
[21.030864] (gll_core) StdoutLine: {'line': b'-- Installing: /ws/src/gnss_and_lidar_localization/install/gll_core/include\n'}
[21.030966] (gll_core) StdoutLine: {'line': b'-- Installing: /ws/src/gnss_and_lidar_localization/install/gll_core/include/gll\n'}
[21.031036] (gll_core) StdoutLine: {'line': b'-- Installing: /ws/src/gnss_and_lidar_localization/install/gll_core/include/gll/localizer.hpp\n'}
[21.031117] (gll_core) StdoutLine: {'line': b'-- Installing: /ws/src/gnss_and_lidar_localization/install/gll_core/include/gll/common\n'}
[21.031198] (gll_core) StdoutLine: {'line': b'-- Installing: /ws/src/gnss_and_lidar_localization/install/gll_core/include/gll/common/pose_store.hpp\n'}
[21.031277] (gll_core) StdoutLine: {'line': b'-- Installing: /ws/src/gnss_and_lidar_localization/install/gll_core/include/gll/common/config.hpp\n'}
[21.031356] (gll_core) StdoutLine: {'line': b'-- Installing: /ws/src/gnss_and_lidar_localization/install/gll_core/include/gll/common/tiled_pcd_map.hpp\n'}
[21.031442] (gll_core) StdoutLine: {'line': b'-- Installing: /ws/src/gnss_and_lidar_localization/install/gll_core/include/gll/common/types.hpp\n'}
[21.031523] (gll_core) StdoutLine: {'line': b'-- Installing: /ws/src/gnss_and_lidar_localization/install/gll_core/include/gll/measurement\n'}
[21.031602] (gll_core) StdoutLine: {'line': b'-- Installing: /ws/src/gnss_and_lidar_localization/install/gll_core/include/gll/measurement/gnss_measurement_builder.hpp\n'}
[21.031700] (gll_core) StdoutLine: {'line': b'-- Installing: /ws/src/gnss_and_lidar_localization/install/gll_core/include/gll/measurement/attitude_estimator.hpp\n'}
[21.031792] (gll_core) StdoutLine: {'line': b'-- Installing: /ws/src/gnss_and_lidar_localization/install/gll_core/include/gll/measurement/stop_detector.hpp\n'}
[21.031905] (gll_core) StdoutLine: {'line': b'-- Installing: /ws/src/gnss_and_lidar_localization/install/gll_core/include/gll/measurement/lidar_measurement_builder.hpp\n'}
[21.031988] (gll_core) StdoutLine: {'line': b'-- Installing: /ws/src/gnss_and_lidar_localization/install/gll_core/include/gll/measurement/motion_input_builder.hpp\n'}
[21.032072] (gll_core) StdoutLine: {'line': b'-- Installing: /ws/src/gnss_and_lidar_localization/install/gll_core/include/gll/estimation\n'}
[21.032156] (gll_core) StdoutLine: {'line': b'-- Installing: /ws/src/gnss_and_lidar_localization/install/gll_core/include/gll/estimation/inv_ekf_se2.hpp\n'}
[21.032239] (gll_core) StdoutLine: {'line': b'-- Installing: /ws/src/gnss_and_lidar_localization/install/gll_core/include/gll/estimation/recovery_manager.hpp\n'}
[21.032318] (gll_core) StdoutLine: {'line': b'-- Installing: /ws/src/gnss_and_lidar_localization/install/gll_core/include/gll/estimation/output_smoother.hpp\n'}
[21.032400] (gll_core) StdoutLine: {'line': b'-- Installing: /ws/src/gnss_and_lidar_localization/install/gll_core/include/gll/estimation/mahalanobis_gate.hpp\n'}
[21.032481] (gll_core) StdoutLine: {'line': b'-- Installing: /ws/src/gnss_and_lidar_localization/install/gll_core/include/gll/estimation/initializer.hpp\n'}
[21.032563] (gll_core) StdoutLine: {'line': b'-- Installing: /ws/src/gnss_and_lidar_localization/install/gll_core/include/gll/estimation/es_ekf_2d.hpp\n'}
[21.032652] (gll_core) StdoutLine: {'line': b'-- Installing: /ws/src/gnss_and_lidar_localization/install/gll_core/include/gll/estimation/state_estimator.hpp\n'}
[21.032730] (gll_core) StdoutLine: {'line': b'-- Installing: /ws/src/gnss_and_lidar_localization/install/gll_core/include/gll/estimation/state.hpp\n'}
[21.032809] (gll_core) StdoutLine: {'line': b'-- Installing: /ws/src/gnss_and_lidar_localization/install/gll_core/include/gll/estimation/state_history.hpp\n'}
[21.032888] (gll_core) StdoutLine: {'line': b'-- Installing: /ws/src/gnss_and_lidar_localization/install/gll_core/include/gll/estimation/status_monitor.hpp\n'}
[21.032972] (gll_core) StdoutLine: {'line': b'-- Installing: /ws/src/gnss_and_lidar_localization/install/gll_core/include/gll/estimation/source_arbiter.hpp\n'}
[21.033053] (gll_core) StdoutLine: {'line': b'-- Installing: /ws/src/gnss_and_lidar_localization/install/gll_core/include/gll/matching\n'}
[21.033123] (gll_core) StdoutLine: {'line': b'-- Installing: /ws/src/gnss_and_lidar_localization/install/gll_core/include/gll/matching/scan_matcher.hpp\n'}
[21.033207] (gll_core) StdoutLine: {'line': b'-- Installing: /ws/src/gnss_and_lidar_localization/install/gll_core/include/gll/matching/scan_preprocessor.hpp\n'}
[21.033289] (gll_core) StdoutLine: {'line': b'-- Installing: /ws/src/gnss_and_lidar_localization/install/gll_core/include/gll/matching/gicp_matcher.hpp\n'}
[21.033373] (gll_core) StdoutLine: {'line': b'-- Installing: /ws/src/gnss_and_lidar_localization/install/gll_core/lib/cmake/gll_core/gll_coreTargets.cmake\n'}
[21.033443] (gll_core) StdoutLine: {'line': b'-- Installing: /ws/src/gnss_and_lidar_localization/install/gll_core/lib/cmake/gll_core/gll_coreTargets-release.cmake\n'}
[21.033512] (gll_core) StdoutLine: {'line': b'-- Installing: /ws/src/gnss_and_lidar_localization/install/gll_core/lib/cmake/gll_core/gll_coreConfig.cmake\n'}
[21.033580] (gll_core) StdoutLine: {'line': b'-- Installing: /ws/src/gnss_and_lidar_localization/install/gll_core/lib/cmake/gll_core/gll_coreConfigVersion.cmake\n'}
[21.034225] (gll_core) CommandEnded: {'returncode': 0}
[21.039319] (gll_core) JobEnded: {'identifier': 'gll_core', 'rc': 0}
[21.039845] (gll_ros2) JobStarted: {'identifier': 'gll_ros2'}
[21.046460] (gll_ros2) JobProgress: {'identifier': 'gll_ros2', 'progress': 'cmake'}
[21.047050] (gll_ros2) Command: {'cmd': ['/usr/bin/cmake', '/ws/src/gnss_and_lidar_localization/ros2/gll_ros2', '-DCMAKE_INSTALL_PREFIX=/ws/src/gnss_and_lidar_localization/install/gll_ros2'], 'cwd': '/ws/src/gnss_and_lidar_localization/build/gll_ros2', 'env': OrderedDict({'LESSOPEN': '| /usr/bin/lesspipe %s', 'HTTPS_PROXY': 'http://10.77.8.70:8080', 'HOSTNAME': 'PC-20211221A020', 'GIT_ASKPASS': '/vscode/vscode-server/bin/linux-x64/04c0d99f4fb0d8afe6ce4f0c58e31e183ac3e4b1/extensions/git/dist/askpass.sh', 'SHLVL': '2', 'LD_LIBRARY_PATH': '/opt/ros/jazzy/opt/rviz_ogre_vendor/lib:/opt/ros/jazzy/lib/x86_64-linux-gnu:/opt/ros/jazzy/opt/gz_math_vendor/lib:/opt/ros/jazzy/opt/gz_utils_vendor/lib:/opt/ros/jazzy/opt/gz_cmake_vendor/lib:/opt/ros/jazzy/lib', 'BROWSER': '/vscode/vscode-server/bin/linux-x64/04c0d99f4fb0d8afe6ce4f0c58e31e183ac3e4b1/bin/helpers/browser.sh', 'HOME': '/home/ubuntu', 'OLDPWD': '/ws/src/gnss_and_lidar_localization/data', 'TERM_PROGRAM_VERSION': '1.139.1', 'VSCODE_IPC_HOOK_CLI': '/tmp/vscode-ipc-4786cdf9-aba8-4427-abe8-c6f31f94b56a.sock', 'ROS_PYTHON_VERSION': '3', 'VSCODE_GIT_ASKPASS_MAIN': '/vscode/vscode-server/bin/linux-x64/04c0d99f4fb0d8afe6ce4f0c58e31e183ac3e4b1/extensions/git/dist/askpass-main.js', 'VSCODE_GIT_ASKPASS_NODE': '/vscode/vscode-server/bin/linux-x64/04c0d99f4fb0d8afe6ce4f0c58e31e183ac3e4b1/node', 'VSCODE_PYTHON_AUTOACTIVATE_GUARD': '1', 'COLORTERM': 'truecolor', 'REMOTE_CONTAINERS': 'true', 'DEBUGINFOD_URLS': 'https://debuginfod.ubuntu.com', 'https_proxy': 'http://10.77.8.70:8080', 'COLCON_PREFIX_PATH': '/ws/install', 'ROS_DISTRO': 'jazzy', 'REMOTE_CONTAINERS_IPC': '/tmp/vscode-remote-containers-ipc-d5deef4d-6dd8-439f-b4c5-6f587243ee8d.sock', 'http_proxy': 'http://10.77.8.70:8080', '_': '/usr/bin/colcon', 'ROS_VERSION': '2', 'PKG_CONFIG_PATH': '/ws/src/gnss_and_lidar_localization/install/gll_core/lib/x86_64-linux-gnu/pkgconfig:/ws/src/gnss_and_lidar_localization/install/gll_core/lib/pkgconfig:/ws/src/gnss_and_lidar_localization/install/tiled_pcd_map/lib/x86_64-linux-gnu/pkgconfig:/ws/src/gnss_and_lidar_localization/install/tiled_pcd_map/lib/pkgconfig:/ws/install/gll_core/lib/x86_64-linux-gnu/pkgconfig:/ws/install/gll_core/lib/pkgconfig:/ws/install/tiled_pcd_map/lib/x86_64-linux-gnu/pkgconfig:/ws/install/tiled_pcd_map/lib/pkgconfig', 'TERM': 'xterm-256color', 'GLL_DATA': '/ws/src/gnss_and_lidar_localization/data', 'PATH': '/ws/src/gnss_and_lidar_localization/install/tiled_pcd_map/bin:/home/ubuntu/.vscode-server/data/User/globalStorage/github.copilot-chat/debugCommand:/home/ubuntu/.vscode-server/data/User/globalStorage/github.copilot-chat/copilotCli:/vscode/vscode-server/bin/linux-x64/04c0d99f4fb0d8afe6ce4f0c58e31e183ac3e4b1/bin/remote-cli:/ws/install/tiled_pcd_map/bin:/opt/ros/jazzy/bin:/usr/local/sbin:/usr/local/bin:/usr/sbin:/usr/bin:/sbin:/bin', 'REMOTE_CONTAINERS_SOCKETS': '["/tmp/vscode-ssh-auth-d5deef4d-6dd8-439f-b4c5-6f587243ee8d.sock","/home/ubuntu/.gnupg/S.gpg-agent"]', 'DISPLAY': '', 'LANG': 'C.UTF-8', 'LS_COLORS': 'rs=0:di=01;34:ln=01;36:mh=00:pi=40;33:so=01;35:do=01;35:bd=40;33;01:cd=40;33;01:or=40;31;01:mi=00:su=37;41:sg=30;43:ca=00:tw=30;42:ow=34;42:st=37;44:ex=01;32:*.tar=01;31:*.tgz=01;31:*.arc=01;31:*.arj=01;31:*.taz=01;31:*.lha=01;31:*.lz4=01;31:*.lzh=01;31:*.lzma=01;31:*.tlz=01;31:*.txz=01;31:*.tzo=01;31:*.t7z=01;31:*.zip=01;31:*.z=01;31:*.dz=01;31:*.gz=01;31:*.lrz=01;31:*.lz=01;31:*.lzo=01;31:*.xz=01;31:*.zst=01;31:*.tzst=01;31:*.bz2=01;31:*.bz=01;31:*.tbz=01;31:*.tbz2=01;31:*.tz=01;31:*.deb=01;31:*.rpm=01;31:*.jar=01;31:*.war=01;31:*.ear=01;31:*.sar=01;31:*.rar=01;31:*.alz=01;31:*.ace=01;31:*.zoo=01;31:*.cpio=01;31:*.7z=01;31:*.rz=01;31:*.cab=01;31:*.wim=01;31:*.swm=01;31:*.dwm=01;31:*.esd=01;31:*.avif=01;35:*.jpg=01;35:*.jpeg=01;35:*.mjpg=01;35:*.mjpeg=01;35:*.gif=01;35:*.bmp=01;35:*.pbm=01;35:*.pgm=01;35:*.ppm=01;35:*.tga=01;35:*.xbm=01;35:*.xpm=01;35:*.tif=01;35:*.tiff=01;35:*.png=01;35:*.svg=01;35:*.svgz=01;35:*.mng=01;35:*.pcx=01;35:*.mov=01;35:*.mpg=01;35:*.mpeg=01;35:*.m2v=01;35:*.mkv=01;35:*.webm=01;35:*.webp=01;35:*.ogm=01;35:*.mp4=01;35:*.m4v=01;35:*.mp4v=01;35:*.vob=01;35:*.qt=01;35:*.nuv=01;35:*.wmv=01;35:*.asf=01;35:*.rm=01;35:*.rmvb=01;35:*.flc=01;35:*.avi=01;35:*.fli=01;35:*.flv=01;35:*.gl=01;35:*.dl=01;35:*.xcf=01;35:*.xwd=01;35:*.yuv=01;35:*.cgm=01;35:*.emf=01;35:*.ogv=01;35:*.ogx=01;35:*.aac=00;36:*.au=00;36:*.flac=00;36:*.m4a=00;36:*.mid=00;36:*.midi=00;36:*.mka=00;36:*.mp3=00;36:*.mpc=00;36:*.ogg=00;36:*.ra=00;36:*.wav=00;36:*.oga=00;36:*.opus=00;36:*.spx=00;36:*.xspf=00;36:*~=00;90:*#=00;90:*.bak=00;90:*.crdownload=00;90:*.dpkg-dist=00;90:*.dpkg-new=00;90:*.dpkg-old=00;90:*.dpkg-tmp=00;90:*.old=00;90:*.orig=00;90:*.part=00;90:*.rej=00;90:*.rpmnew=00;90:*.rpmorig=00;90:*.rpmsave=00;90:*.swp=00;90:*.tmp=00;90:*.ucf-dist=00;90:*.ucf-new=00;90:*.ucf-old=00;90:', 'VSCODE_GIT_IPC_HANDLE': '/tmp/vscode-git-e9154552f7.sock', 'TERM_PROGRAM': 'vscode', 'SSH_AUTH_SOCK': '/tmp/vscode-ssh-auth-d5deef4d-6dd8-439f-b4c5-6f587243ee8d.sock', 'ROS_DOMAIN_ID': '0', 'AMENT_PREFIX_PATH': '/ws/install/gll_ros2:/ws/install/shinjuku_map:/opt/ros/jazzy', 'DEBIAN_FRONTEND': 'noninteractive', 'SHELL': '/bin/bash', 'LESSCLOSE': '/usr/bin/lesspipe %s %s', 'ROS_AUTOMATIC_DISCOVERY_RANGE': 'SUBNET', 'VSCODE_GIT_ASKPASS_EXTRA_ARGS': '', 'PWD': '/ws/src/gnss_and_lidar_localization/build/gll_ros2', 'LC_ALL': 'C.UTF-8', 'COPILOT_DEBUG_NONCE': '9c495fabf8ce30cec93ddb08374a1d7d', 'RCUTILS_COLORIZED_OUTPUT': '1', 'PYTHONPATH': '/opt/ros/jazzy/opt/gz_math_vendor/lib/python:/opt/ros/jazzy/lib/python3.12/site-packages', 'HTTP_PROXY': 'http://10.77.8.70:8080', 'COLCON': '1', 'CMAKE_PREFIX_PATH': '/ws/src/gnss_and_lidar_localization/install/gll_core:/ws/src/gnss_and_lidar_localization/install/tiled_pcd_map:/ws/install/gll_ros2:/ws/install/gll_core:/ws/install/tiled_pcd_map:/ws/install/shinjuku_map:/opt/ros/jazzy/opt/gz_math_vendor:/opt/ros/jazzy/opt/gz_utils_vendor:/opt/ros/jazzy/opt/gz_cmake_vendor:/opt/ros/jazzy'}), 'shell': False}
[21.056134] (-) TimerEvent: {}
[21.126129] (gll_ros2) StdoutLine: {'line': b'-- The CXX compiler identification is GNU 13.3.0\n'}
[21.141634] (gll_ros2) StdoutLine: {'line': b'-- Detecting CXX compiler ABI info\n'}
[21.156291] (-) TimerEvent: {}
[21.256841] (-) TimerEvent: {}
[21.344350] (gll_ros2) StdoutLine: {'line': b'-- Detecting CXX compiler ABI info - done\n'}
[21.349417] (gll_ros2) StdoutLine: {'line': b'-- Check for working CXX compiler: /usr/bin/c++ - skipped\n'}
[21.349593] (gll_ros2) StdoutLine: {'line': b'-- Detecting CXX compile features\n'}
[21.349776] (gll_ros2) StdoutLine: {'line': b'-- Detecting CXX compile features - done\n'}
[21.351868] (gll_ros2) StdoutLine: {'line': b'-- Found ament_cmake: 2.5.6 (/opt/ros/jazzy/share/ament_cmake/cmake)\n'}
[21.356907] (-) TimerEvent: {}
[21.457132] (-) TimerEvent: {}
[21.476314] (gll_ros2) StdoutLine: {'line': b'-- Found Python3: /usr/bin/python3 (found version "3.12.3") found components: Interpreter \n'}
[21.557241] (-) TimerEvent: {}
[21.558103] (gll_ros2) StdoutLine: {'line': b'-- Found rclcpp: 28.1.22 (/opt/ros/jazzy/share/rclcpp/cmake)\n'}
[21.586659] (gll_ros2) StdoutLine: {'line': b'-- Found rosidl_generator_c: 4.6.9 (/opt/ros/jazzy/share/rosidl_generator_c/cmake)\n'}
[21.596375] (gll_ros2) StdoutLine: {'line': b'-- Found rosidl_generator_cpp: 4.6.9 (/opt/ros/jazzy/share/rosidl_generator_cpp/cmake)\n'}
[21.608852] (gll_ros2) StdoutLine: {'line': b'-- Using all available rosidl_typesupport_c: rosidl_typesupport_fastrtps_c;rosidl_typesupport_introspection_c\n'}
[21.621476] (gll_ros2) StdoutLine: {'line': b'-- Using all available rosidl_typesupport_cpp: rosidl_typesupport_fastrtps_cpp;rosidl_typesupport_introspection_cpp\n'}
[21.657342] (-) TimerEvent: {}
[21.676139] (gll_ros2) StdoutLine: {'line': b'-- Found rmw_implementation_cmake: 7.3.3 (/opt/ros/jazzy/share/rmw_implementation_cmake/cmake)\n'}
[21.678399] (gll_ros2) StdoutLine: {'line': b'-- Found rmw_fastrtps_cpp: 8.4.4 (/opt/ros/jazzy/share/rmw_fastrtps_cpp/cmake)\n'}
[21.752277] (gll_ros2) StdoutLine: {'line': b'-- Found OpenSSL: /usr/lib/x86_64-linux-gnu/libcrypto.so (found version "3.0.13")  \n'}
[21.757457] (-) TimerEvent: {}
[21.787436] (gll_ros2) StdoutLine: {'line': b'-- Found FastRTPS: /opt/ros/jazzy/include (Required is at least version "2.13") \n'}
[21.820696] (gll_ros2) StdoutLine: {'line': b"-- Using RMW implementation 'rmw_fastrtps_cpp' as default\n"}
[21.857643] (-) TimerEvent: {}
[21.879224] (gll_ros2) StdoutLine: {'line': b'-- Found sensor_msgs: 5.3.8 (/opt/ros/jazzy/share/sensor_msgs/cmake)\n'}
[21.918896] (gll_ros2) StdoutLine: {'line': b'-- Found nav_msgs: 5.3.8 (/opt/ros/jazzy/share/nav_msgs/cmake)\n'}
[21.937033] (gll_ros2) StdoutLine: {'line': b'-- Found diagnostic_msgs: 5.3.8 (/opt/ros/jazzy/share/diagnostic_msgs/cmake)\n'}
[21.951402] (gll_ros2) StdoutLine: {'line': b'-- Found tf2_ros: 0.36.22 (/opt/ros/jazzy/share/tf2_ros/cmake)\n'}
[21.957816] (-) TimerEvent: {}
[22.047027] (gll_ros2) StdoutLine: {'line': b'-- Performing Test CMAKE_HAVE_LIBC_PTHREAD\n'}
[22.057900] (-) TimerEvent: {}
[22.150213] (gll_ros2) StdoutLine: {'line': b'-- Performing Test CMAKE_HAVE_LIBC_PTHREAD - Success\n'}
[22.151302] (gll_ros2) StdoutLine: {'line': b'-- Found Threads: TRUE  \n'}
[22.157966] (-) TimerEvent: {}
[22.258347] (-) TimerEvent: {}
[22.358865] (-) TimerEvent: {}
[22.425465] (gll_ros2) StdoutLine: {'line': b'-- Found OpenMP_CXX: -fopenmp (found version "4.5") \n'}
[22.425691] (gll_ros2) StdoutLine: {'line': b'-- Found OpenMP: TRUE (found version "4.5") found components: CXX \n'}
[22.430515] (gll_ros2) StdoutLine: {'line': b'-- Found OpenMP_CXX: -fopenmp (found version "4.5") \n'}
[22.436170] (gll_ros2) StdoutLine: {'line': b'-- Found ament_cmake_gtest: 2.5.6 (/opt/ros/jazzy/share/ament_cmake_gtest/cmake)\n'}
[22.439193] (gll_ros2) StdoutLine: {'line': b"-- Found gtest sources under '/opt/ros/jazzy/src/gtest_vendor': C++ tests using 'Google Test' will be built\n"}
[22.458948] (-) TimerEvent: {}
[22.478813] (gll_ros2) StdoutLine: {'line': b'-- The C compiler identification is GNU 13.3.0\n'}
[22.509082] (gll_ros2) StdoutLine: {'line': b'-- Detecting C compiler ABI info\n'}
[22.559124] (-) TimerEvent: {}
[22.659577] (-) TimerEvent: {}
[22.672083] (gll_ros2) StdoutLine: {'line': b'-- Detecting C compiler ABI info - done\n'}
[22.694450] (gll_ros2) StdoutLine: {'line': b'-- Check for working C compiler: /usr/bin/cc - skipped\n'}
[22.694752] (gll_ros2) StdoutLine: {'line': b'-- Detecting C compile features\n'}
[22.695333] (gll_ros2) StdoutLine: {'line': b'-- Detecting C compile features - done\n'}
[22.751967] (gll_ros2) StdoutLine: {'line': b'-- Configuring done (1.7s)\n'}
[22.759622] (-) TimerEvent: {}
[22.772231] (gll_ros2) StdoutLine: {'line': b'-- Generating done (0.0s)\n'}
[22.778068] (gll_ros2) StdoutLine: {'line': b'-- Build files have been written to: /ws/src/gnss_and_lidar_localization/build/gll_ros2\n'}
[22.784271] (gll_ros2) CommandEnded: {'returncode': 0}
[22.784736] (gll_ros2) JobProgress: {'identifier': 'gll_ros2', 'progress': 'build'}
[22.785028] (gll_ros2) Command: {'cmd': ['/usr/bin/cmake', '--build', '/ws/src/gnss_and_lidar_localization/build/gll_ros2', '--', '-j24', '-l24'], 'cwd': '/ws/src/gnss_and_lidar_localization/build/gll_ros2', 'env': OrderedDict({'LESSOPEN': '| /usr/bin/lesspipe %s', 'HTTPS_PROXY': 'http://10.77.8.70:8080', 'HOSTNAME': 'PC-20211221A020', 'GIT_ASKPASS': '/vscode/vscode-server/bin/linux-x64/04c0d99f4fb0d8afe6ce4f0c58e31e183ac3e4b1/extensions/git/dist/askpass.sh', 'SHLVL': '2', 'LD_LIBRARY_PATH': '/opt/ros/jazzy/opt/rviz_ogre_vendor/lib:/opt/ros/jazzy/lib/x86_64-linux-gnu:/opt/ros/jazzy/opt/gz_math_vendor/lib:/opt/ros/jazzy/opt/gz_utils_vendor/lib:/opt/ros/jazzy/opt/gz_cmake_vendor/lib:/opt/ros/jazzy/lib', 'BROWSER': '/vscode/vscode-server/bin/linux-x64/04c0d99f4fb0d8afe6ce4f0c58e31e183ac3e4b1/bin/helpers/browser.sh', 'HOME': '/home/ubuntu', 'OLDPWD': '/ws/src/gnss_and_lidar_localization/data', 'TERM_PROGRAM_VERSION': '1.139.1', 'VSCODE_IPC_HOOK_CLI': '/tmp/vscode-ipc-4786cdf9-aba8-4427-abe8-c6f31f94b56a.sock', 'ROS_PYTHON_VERSION': '3', 'VSCODE_GIT_ASKPASS_MAIN': '/vscode/vscode-server/bin/linux-x64/04c0d99f4fb0d8afe6ce4f0c58e31e183ac3e4b1/extensions/git/dist/askpass-main.js', 'VSCODE_GIT_ASKPASS_NODE': '/vscode/vscode-server/bin/linux-x64/04c0d99f4fb0d8afe6ce4f0c58e31e183ac3e4b1/node', 'VSCODE_PYTHON_AUTOACTIVATE_GUARD': '1', 'COLORTERM': 'truecolor', 'REMOTE_CONTAINERS': 'true', 'DEBUGINFOD_URLS': 'https://debuginfod.ubuntu.com', 'https_proxy': 'http://10.77.8.70:8080', 'COLCON_PREFIX_PATH': '/ws/install', 'ROS_DISTRO': 'jazzy', 'REMOTE_CONTAINERS_IPC': '/tmp/vscode-remote-containers-ipc-d5deef4d-6dd8-439f-b4c5-6f587243ee8d.sock', 'http_proxy': 'http://10.77.8.70:8080', '_': '/usr/bin/colcon', 'ROS_VERSION': '2', 'PKG_CONFIG_PATH': '/ws/src/gnss_and_lidar_localization/install/gll_core/lib/x86_64-linux-gnu/pkgconfig:/ws/src/gnss_and_lidar_localization/install/gll_core/lib/pkgconfig:/ws/src/gnss_and_lidar_localization/install/tiled_pcd_map/lib/x86_64-linux-gnu/pkgconfig:/ws/src/gnss_and_lidar_localization/install/tiled_pcd_map/lib/pkgconfig:/ws/install/gll_core/lib/x86_64-linux-gnu/pkgconfig:/ws/install/gll_core/lib/pkgconfig:/ws/install/tiled_pcd_map/lib/x86_64-linux-gnu/pkgconfig:/ws/install/tiled_pcd_map/lib/pkgconfig', 'TERM': 'xterm-256color', 'GLL_DATA': '/ws/src/gnss_and_lidar_localization/data', 'PATH': '/ws/src/gnss_and_lidar_localization/install/tiled_pcd_map/bin:/home/ubuntu/.vscode-server/data/User/globalStorage/github.copilot-chat/debugCommand:/home/ubuntu/.vscode-server/data/User/globalStorage/github.copilot-chat/copilotCli:/vscode/vscode-server/bin/linux-x64/04c0d99f4fb0d8afe6ce4f0c58e31e183ac3e4b1/bin/remote-cli:/ws/install/tiled_pcd_map/bin:/opt/ros/jazzy/bin:/usr/local/sbin:/usr/local/bin:/usr/sbin:/usr/bin:/sbin:/bin', 'REMOTE_CONTAINERS_SOCKETS': '["/tmp/vscode-ssh-auth-d5deef4d-6dd8-439f-b4c5-6f587243ee8d.sock","/home/ubuntu/.gnupg/S.gpg-agent"]', 'DISPLAY': '', 'LANG': 'C.UTF-8', 'LS_COLORS': 'rs=0:di=01;34:ln=01;36:mh=00:pi=40;33:so=01;35:do=01;35:bd=40;33;01:cd=40;33;01:or=40;31;01:mi=00:su=37;41:sg=30;43:ca=00:tw=30;42:ow=34;42:st=37;44:ex=01;32:*.tar=01;31:*.tgz=01;31:*.arc=01;31:*.arj=01;31:*.taz=01;31:*.lha=01;31:*.lz4=01;31:*.lzh=01;31:*.lzma=01;31:*.tlz=01;31:*.txz=01;31:*.tzo=01;31:*.t7z=01;31:*.zip=01;31:*.z=01;31:*.dz=01;31:*.gz=01;31:*.lrz=01;31:*.lz=01;31:*.lzo=01;31:*.xz=01;31:*.zst=01;31:*.tzst=01;31:*.bz2=01;31:*.bz=01;31:*.tbz=01;31:*.tbz2=01;31:*.tz=01;31:*.deb=01;31:*.rpm=01;31:*.jar=01;31:*.war=01;31:*.ear=01;31:*.sar=01;31:*.rar=01;31:*.alz=01;31:*.ace=01;31:*.zoo=01;31:*.cpio=01;31:*.7z=01;31:*.rz=01;31:*.cab=01;31:*.wim=01;31:*.swm=01;31:*.dwm=01;31:*.esd=01;31:*.avif=01;35:*.jpg=01;35:*.jpeg=01;35:*.mjpg=01;35:*.mjpeg=01;35:*.gif=01;35:*.bmp=01;35:*.pbm=01;35:*.pgm=01;35:*.ppm=01;35:*.tga=01;35:*.xbm=01;35:*.xpm=01;35:*.tif=01;35:*.tiff=01;35:*.png=01;35:*.svg=01;35:*.svgz=01;35:*.mng=01;35:*.pcx=01;35:*.mov=01;35:*.mpg=01;35:*.mpeg=01;35:*.m2v=01;35:*.mkv=01;35:*.webm=01;35:*.webp=01;35:*.ogm=01;35:*.mp4=01;35:*.m4v=01;35:*.mp4v=01;35:*.vob=01;35:*.qt=01;35:*.nuv=01;35:*.wmv=01;35:*.asf=01;35:*.rm=01;35:*.rmvb=01;35:*.flc=01;35:*.avi=01;35:*.fli=01;35:*.flv=01;35:*.gl=01;35:*.dl=01;35:*.xcf=01;35:*.xwd=01;35:*.yuv=01;35:*.cgm=01;35:*.emf=01;35:*.ogv=01;35:*.ogx=01;35:*.aac=00;36:*.au=00;36:*.flac=00;36:*.m4a=00;36:*.mid=00;36:*.midi=00;36:*.mka=00;36:*.mp3=00;36:*.mpc=00;36:*.ogg=00;36:*.ra=00;36:*.wav=00;36:*.oga=00;36:*.opus=00;36:*.spx=00;36:*.xspf=00;36:*~=00;90:*#=00;90:*.bak=00;90:*.crdownload=00;90:*.dpkg-dist=00;90:*.dpkg-new=00;90:*.dpkg-old=00;90:*.dpkg-tmp=00;90:*.old=00;90:*.orig=00;90:*.part=00;90:*.rej=00;90:*.rpmnew=00;90:*.rpmorig=00;90:*.rpmsave=00;90:*.swp=00;90:*.tmp=00;90:*.ucf-dist=00;90:*.ucf-new=00;90:*.ucf-old=00;90:', 'VSCODE_GIT_IPC_HANDLE': '/tmp/vscode-git-e9154552f7.sock', 'TERM_PROGRAM': 'vscode', 'SSH_AUTH_SOCK': '/tmp/vscode-ssh-auth-d5deef4d-6dd8-439f-b4c5-6f587243ee8d.sock', 'ROS_DOMAIN_ID': '0', 'AMENT_PREFIX_PATH': '/ws/install/gll_ros2:/ws/install/shinjuku_map:/opt/ros/jazzy', 'DEBIAN_FRONTEND': 'noninteractive', 'SHELL': '/bin/bash', 'LESSCLOSE': '/usr/bin/lesspipe %s %s', 'ROS_AUTOMATIC_DISCOVERY_RANGE': 'SUBNET', 'VSCODE_GIT_ASKPASS_EXTRA_ARGS': '', 'PWD': '/ws/src/gnss_and_lidar_localization/build/gll_ros2', 'LC_ALL': 'C.UTF-8', 'COPILOT_DEBUG_NONCE': '9c495fabf8ce30cec93ddb08374a1d7d', 'RCUTILS_COLORIZED_OUTPUT': '1', 'PYTHONPATH': '/opt/ros/jazzy/opt/gz_math_vendor/lib/python:/opt/ros/jazzy/lib/python3.12/site-packages', 'HTTP_PROXY': 'http://10.77.8.70:8080', 'COLCON': '1', 'CMAKE_PREFIX_PATH': '/ws/src/gnss_and_lidar_localization/install/gll_core:/ws/src/gnss_and_lidar_localization/install/tiled_pcd_map:/ws/install/gll_ros2:/ws/install/gll_core:/ws/install/tiled_pcd_map:/ws/install/shinjuku_map:/opt/ros/jazzy/opt/gz_math_vendor:/opt/ros/jazzy/opt/gz_utils_vendor:/opt/ros/jazzy/opt/gz_cmake_vendor:/opt/ros/jazzy'}), 'shell': False}
[22.844694] (gll_ros2) StdoutLine: {'line': b'[  7%] \x1b[32mBuilding CXX object gtest/CMakeFiles/gtest_main.dir/src/gtest_main.cc.o\x1b[0m\n'}
[22.847587] (gll_ros2) StdoutLine: {'line': b'[ 14%] \x1b[32mBuilding CXX object gtest/CMakeFiles/gtest.dir/src/gtest-all.cc.o\x1b[0m\n'}
[22.847763] (gll_ros2) StdoutLine: {'line': b'[ 21%] \x1b[32mBuilding CXX object CMakeFiles/gll_ros2_conversions.dir/src/diagnostics.cpp.o\x1b[0m\n'}
[22.848882] (gll_ros2) StdoutLine: {'line': b'[ 28%] \x1b[32mBuilding CXX object CMakeFiles/gll_ros2_conversions.dir/src/conversions.cpp.o\x1b[0m\n'}
[22.859714] (-) TimerEvent: {}
[22.959946] (-) TimerEvent: {}
[23.060274] (-) TimerEvent: {}
[23.160572] (-) TimerEvent: {}
[23.260856] (-) TimerEvent: {}
[23.277123] (gll_ros2) StdoutLine: {'line': b'[ 35%] \x1b[32m\x1b[1mLinking CXX static library libgtest_main.a\x1b[0m\n'}
[23.311942] (gll_ros2) StdoutLine: {'line': b'[ 35%] Built target gtest_main\n'}
[23.360975] (-) TimerEvent: {}
[23.461256] (-) TimerEvent: {}
[23.561547] (-) TimerEvent: {}
[23.661851] (-) TimerEvent: {}
[23.762195] (-) TimerEvent: {}
[23.862539] (-) TimerEvent: {}
[23.962816] (-) TimerEvent: {}
[24.016182] (gll_ros2) StdoutLine: {'line': b'[ 42%] \x1b[32m\x1b[1mLinking CXX static library libgll_ros2_conversions.a\x1b[0m\n'}
[24.051602] (gll_ros2) StdoutLine: {'line': b'[ 42%] Built target gll_ros2_conversions\n'}
[24.062954] (-) TimerEvent: {}
[24.069854] (gll_ros2) StdoutLine: {'line': b'[ 50%] \x1b[32mBuilding CXX object CMakeFiles/localizer_node.dir/src/main.cpp.o\x1b[0m\n'}
[24.071998] (gll_ros2) StdoutLine: {'line': b'[ 57%] \x1b[32mBuilding CXX object CMakeFiles/localizer_node.dir/src/localizer_node.cpp.o\x1b[0m\n'}
[24.163146] (-) TimerEvent: {}
[24.263388] (-) TimerEvent: {}
[24.363731] (-) TimerEvent: {}
[24.463982] (-) TimerEvent: {}
[24.564334] (-) TimerEvent: {}
[24.664632] (-) TimerEvent: {}
[24.764993] (-) TimerEvent: {}
[24.827672] (gll_ros2) StdoutLine: {'line': b'[ 64%] \x1b[32m\x1b[1mLinking CXX static library libgtest.a\x1b[0m\n'}
[24.865092] (-) TimerEvent: {}
[24.880965] (gll_ros2) StdoutLine: {'line': b'[ 64%] Built target gtest\n'}
[24.902270] (gll_ros2) StdoutLine: {'line': b'[ 71%] \x1b[32mBuilding CXX object CMakeFiles/test_diagnostics.dir/test/test_diagnostics.cpp.o\x1b[0m\n'}
[24.903983] (gll_ros2) StdoutLine: {'line': b'[ 78%] \x1b[32mBuilding CXX object CMakeFiles/test_conversions.dir/test/test_conversions.cpp.o\x1b[0m\n'}
[24.965289] (-) TimerEvent: {}
[25.065767] (-) TimerEvent: {}
[25.166067] (-) TimerEvent: {}
[25.266381] (-) TimerEvent: {}
[25.366705] (-) TimerEvent: {}
[25.467006] (-) TimerEvent: {}
[25.567310] (-) TimerEvent: {}
[25.667622] (-) TimerEvent: {}
[25.767918] (-) TimerEvent: {}
[25.868166] (-) TimerEvent: {}
[25.968397] (-) TimerEvent: {}
[26.068705] (-) TimerEvent: {}
[26.169007] (-) TimerEvent: {}
[26.216875] (gll_ros2) StdoutLine: {'line': b'[ 85%] \x1b[32m\x1b[1mLinking CXX executable test_conversions\x1b[0m\n'}
[26.269185] (-) TimerEvent: {}
[26.369504] (-) TimerEvent: {}
[26.443806] (gll_ros2) StdoutLine: {'line': b'[ 85%] Built target test_conversions\n'}
[26.469648] (-) TimerEvent: {}
[26.547597] (gll_ros2) StdoutLine: {'line': b'[ 92%] \x1b[32m\x1b[1mLinking CXX executable test_diagnostics\x1b[0m\n'}
[26.569792] (-) TimerEvent: {}
[26.670154] (-) TimerEvent: {}
[26.760857] (gll_ros2) StdoutLine: {'line': b'[ 92%] Built target test_diagnostics\n'}
[26.770294] (-) TimerEvent: {}
[26.870599] (-) TimerEvent: {}
[26.970918] (-) TimerEvent: {}
[27.071273] (-) TimerEvent: {}
[27.171628] (-) TimerEvent: {}
[27.272034] (-) TimerEvent: {}
[27.372302] (-) TimerEvent: {}
[27.472613] (-) TimerEvent: {}
[27.572814] (-) TimerEvent: {}
[27.673094] (-) TimerEvent: {}
[27.773380] (-) TimerEvent: {}
[27.873686] (-) TimerEvent: {}
[27.973967] (-) TimerEvent: {}
[28.074224] (-) TimerEvent: {}
[28.174450] (-) TimerEvent: {}
[28.274710] (-) TimerEvent: {}
[28.374984] (-) TimerEvent: {}
[28.475261] (-) TimerEvent: {}
[28.575506] (-) TimerEvent: {}
[28.675780] (-) TimerEvent: {}
[28.776006] (-) TimerEvent: {}
[28.876291] (-) TimerEvent: {}
[28.976586] (-) TimerEvent: {}
[29.076867] (-) TimerEvent: {}
[29.177145] (-) TimerEvent: {}
[29.277436] (-) TimerEvent: {}
[29.377718] (-) TimerEvent: {}
[29.477997] (-) TimerEvent: {}
[29.578222] (-) TimerEvent: {}
[29.678504] (-) TimerEvent: {}
[29.778792] (-) TimerEvent: {}
[29.879026] (-) TimerEvent: {}
[29.979325] (-) TimerEvent: {}
[30.079617] (-) TimerEvent: {}
[30.179895] (-) TimerEvent: {}
[30.280124] (-) TimerEvent: {}
[30.380395] (-) TimerEvent: {}
[30.480674] (-) TimerEvent: {}
[30.580894] (-) TimerEvent: {}
[30.681168] (-) TimerEvent: {}
[30.781433] (-) TimerEvent: {}
[30.881657] (-) TimerEvent: {}
[30.981926] (-) TimerEvent: {}
[31.082139] (-) TimerEvent: {}
[31.182350] (-) TimerEvent: {}
[31.282614] (-) TimerEvent: {}
[31.382799] (-) TimerEvent: {}
[31.483005] (-) TimerEvent: {}
[31.583213] (-) TimerEvent: {}
[31.683418] (-) TimerEvent: {}
[31.783628] (-) TimerEvent: {}
[31.883806] (-) TimerEvent: {}
[31.984074] (-) TimerEvent: {}
[32.084345] (-) TimerEvent: {}
[32.184610] (-) TimerEvent: {}
[32.284859] (-) TimerEvent: {}
[32.385110] (-) TimerEvent: {}
[32.485379] (-) TimerEvent: {}
[32.585673] (-) TimerEvent: {}
[32.685955] (-) TimerEvent: {}
[32.786249] (-) TimerEvent: {}
[32.886548] (-) TimerEvent: {}
[32.986861] (-) TimerEvent: {}
[33.087136] (-) TimerEvent: {}
[33.187352] (-) TimerEvent: {}
[33.287621] (-) TimerEvent: {}
[33.387882] (-) TimerEvent: {}
[33.488156] (-) TimerEvent: {}
[33.588419] (-) TimerEvent: {}
[33.688678] (-) TimerEvent: {}
[33.788974] (-) TimerEvent: {}
[33.889251] (-) TimerEvent: {}
[33.989515] (-) TimerEvent: {}
[34.089771] (-) TimerEvent: {}
[34.190030] (-) TimerEvent: {}
[34.290228] (-) TimerEvent: {}
[34.390401] (-) TimerEvent: {}
[34.490530] (-) TimerEvent: {}
[34.590650] (-) TimerEvent: {}
[34.690772] (-) TimerEvent: {}
[34.791040] (-) TimerEvent: {}
[34.891304] (-) TimerEvent: {}
[34.991574] (-) TimerEvent: {}
[35.091847] (-) TimerEvent: {}
[35.192103] (-) TimerEvent: {}
[35.292360] (-) TimerEvent: {}
[35.392625] (-) TimerEvent: {}
[35.492897] (-) TimerEvent: {}
[35.593155] (-) TimerEvent: {}
[35.693412] (-) TimerEvent: {}
[35.793675] (-) TimerEvent: {}
[35.893860] (-) TimerEvent: {}
[35.994126] (-) TimerEvent: {}
[36.094404] (-) TimerEvent: {}
[36.194670] (-) TimerEvent: {}
[36.294935] (-) TimerEvent: {}
[36.395209] (-) TimerEvent: {}
[36.495489] (-) TimerEvent: {}
[36.595767] (-) TimerEvent: {}
[36.695980] (-) TimerEvent: {}
[36.796269] (-) TimerEvent: {}
[36.896557] (-) TimerEvent: {}
[36.994821] (gll_ros2) StdoutLine: {'line': b'[100%] \x1b[32m\x1b[1mLinking CXX executable localizer_node\x1b[0m\n'}
[36.996671] (-) TimerEvent: {}
[37.096833] (-) TimerEvent: {}
[37.197053] (-) TimerEvent: {}
[37.297362] (-) TimerEvent: {}
[37.397635] (-) TimerEvent: {}
[37.497858] (-) TimerEvent: {}
[37.571988] (gll_ros2) StdoutLine: {'line': b'[100%] Built target localizer_node\n'}
[37.582641] (gll_ros2) CommandEnded: {'returncode': 0}
[37.583121] (gll_ros2) JobProgress: {'identifier': 'gll_ros2', 'progress': 'install'}
[37.583229] (gll_ros2) Command: {'cmd': ['/usr/bin/cmake', '--install', '/ws/src/gnss_and_lidar_localization/build/gll_ros2'], 'cwd': '/ws/src/gnss_and_lidar_localization/build/gll_ros2', 'env': OrderedDict({'LESSOPEN': '| /usr/bin/lesspipe %s', 'HTTPS_PROXY': 'http://10.77.8.70:8080', 'HOSTNAME': 'PC-20211221A020', 'GIT_ASKPASS': '/vscode/vscode-server/bin/linux-x64/04c0d99f4fb0d8afe6ce4f0c58e31e183ac3e4b1/extensions/git/dist/askpass.sh', 'SHLVL': '2', 'LD_LIBRARY_PATH': '/opt/ros/jazzy/opt/rviz_ogre_vendor/lib:/opt/ros/jazzy/lib/x86_64-linux-gnu:/opt/ros/jazzy/opt/gz_math_vendor/lib:/opt/ros/jazzy/opt/gz_utils_vendor/lib:/opt/ros/jazzy/opt/gz_cmake_vendor/lib:/opt/ros/jazzy/lib', 'BROWSER': '/vscode/vscode-server/bin/linux-x64/04c0d99f4fb0d8afe6ce4f0c58e31e183ac3e4b1/bin/helpers/browser.sh', 'HOME': '/home/ubuntu', 'OLDPWD': '/ws/src/gnss_and_lidar_localization/data', 'TERM_PROGRAM_VERSION': '1.139.1', 'VSCODE_IPC_HOOK_CLI': '/tmp/vscode-ipc-4786cdf9-aba8-4427-abe8-c6f31f94b56a.sock', 'ROS_PYTHON_VERSION': '3', 'VSCODE_GIT_ASKPASS_MAIN': '/vscode/vscode-server/bin/linux-x64/04c0d99f4fb0d8afe6ce4f0c58e31e183ac3e4b1/extensions/git/dist/askpass-main.js', 'VSCODE_GIT_ASKPASS_NODE': '/vscode/vscode-server/bin/linux-x64/04c0d99f4fb0d8afe6ce4f0c58e31e183ac3e4b1/node', 'VSCODE_PYTHON_AUTOACTIVATE_GUARD': '1', 'COLORTERM': 'truecolor', 'REMOTE_CONTAINERS': 'true', 'DEBUGINFOD_URLS': 'https://debuginfod.ubuntu.com', 'https_proxy': 'http://10.77.8.70:8080', 'COLCON_PREFIX_PATH': '/ws/install', 'ROS_DISTRO': 'jazzy', 'REMOTE_CONTAINERS_IPC': '/tmp/vscode-remote-containers-ipc-d5deef4d-6dd8-439f-b4c5-6f587243ee8d.sock', 'http_proxy': 'http://10.77.8.70:8080', '_': '/usr/bin/colcon', 'ROS_VERSION': '2', 'PKG_CONFIG_PATH': '/ws/src/gnss_and_lidar_localization/install/gll_core/lib/x86_64-linux-gnu/pkgconfig:/ws/src/gnss_and_lidar_localization/install/gll_core/lib/pkgconfig:/ws/src/gnss_and_lidar_localization/install/tiled_pcd_map/lib/x86_64-linux-gnu/pkgconfig:/ws/src/gnss_and_lidar_localization/install/tiled_pcd_map/lib/pkgconfig:/ws/install/gll_core/lib/x86_64-linux-gnu/pkgconfig:/ws/install/gll_core/lib/pkgconfig:/ws/install/tiled_pcd_map/lib/x86_64-linux-gnu/pkgconfig:/ws/install/tiled_pcd_map/lib/pkgconfig', 'TERM': 'xterm-256color', 'GLL_DATA': '/ws/src/gnss_and_lidar_localization/data', 'PATH': '/ws/src/gnss_and_lidar_localization/install/tiled_pcd_map/bin:/home/ubuntu/.vscode-server/data/User/globalStorage/github.copilot-chat/debugCommand:/home/ubuntu/.vscode-server/data/User/globalStorage/github.copilot-chat/copilotCli:/vscode/vscode-server/bin/linux-x64/04c0d99f4fb0d8afe6ce4f0c58e31e183ac3e4b1/bin/remote-cli:/ws/install/tiled_pcd_map/bin:/opt/ros/jazzy/bin:/usr/local/sbin:/usr/local/bin:/usr/sbin:/usr/bin:/sbin:/bin', 'REMOTE_CONTAINERS_SOCKETS': '["/tmp/vscode-ssh-auth-d5deef4d-6dd8-439f-b4c5-6f587243ee8d.sock","/home/ubuntu/.gnupg/S.gpg-agent"]', 'DISPLAY': '', 'LANG': 'C.UTF-8', 'LS_COLORS': 'rs=0:di=01;34:ln=01;36:mh=00:pi=40;33:so=01;35:do=01;35:bd=40;33;01:cd=40;33;01:or=40;31;01:mi=00:su=37;41:sg=30;43:ca=00:tw=30;42:ow=34;42:st=37;44:ex=01;32:*.tar=01;31:*.tgz=01;31:*.arc=01;31:*.arj=01;31:*.taz=01;31:*.lha=01;31:*.lz4=01;31:*.lzh=01;31:*.lzma=01;31:*.tlz=01;31:*.txz=01;31:*.tzo=01;31:*.t7z=01;31:*.zip=01;31:*.z=01;31:*.dz=01;31:*.gz=01;31:*.lrz=01;31:*.lz=01;31:*.lzo=01;31:*.xz=01;31:*.zst=01;31:*.tzst=01;31:*.bz2=01;31:*.bz=01;31:*.tbz=01;31:*.tbz2=01;31:*.tz=01;31:*.deb=01;31:*.rpm=01;31:*.jar=01;31:*.war=01;31:*.ear=01;31:*.sar=01;31:*.rar=01;31:*.alz=01;31:*.ace=01;31:*.zoo=01;31:*.cpio=01;31:*.7z=01;31:*.rz=01;31:*.cab=01;31:*.wim=01;31:*.swm=01;31:*.dwm=01;31:*.esd=01;31:*.avif=01;35:*.jpg=01;35:*.jpeg=01;35:*.mjpg=01;35:*.mjpeg=01;35:*.gif=01;35:*.bmp=01;35:*.pbm=01;35:*.pgm=01;35:*.ppm=01;35:*.tga=01;35:*.xbm=01;35:*.xpm=01;35:*.tif=01;35:*.tiff=01;35:*.png=01;35:*.svg=01;35:*.svgz=01;35:*.mng=01;35:*.pcx=01;35:*.mov=01;35:*.mpg=01;35:*.mpeg=01;35:*.m2v=01;35:*.mkv=01;35:*.webm=01;35:*.webp=01;35:*.ogm=01;35:*.mp4=01;35:*.m4v=01;35:*.mp4v=01;35:*.vob=01;35:*.qt=01;35:*.nuv=01;35:*.wmv=01;35:*.asf=01;35:*.rm=01;35:*.rmvb=01;35:*.flc=01;35:*.avi=01;35:*.fli=01;35:*.flv=01;35:*.gl=01;35:*.dl=01;35:*.xcf=01;35:*.xwd=01;35:*.yuv=01;35:*.cgm=01;35:*.emf=01;35:*.ogv=01;35:*.ogx=01;35:*.aac=00;36:*.au=00;36:*.flac=00;36:*.m4a=00;36:*.mid=00;36:*.midi=00;36:*.mka=00;36:*.mp3=00;36:*.mpc=00;36:*.ogg=00;36:*.ra=00;36:*.wav=00;36:*.oga=00;36:*.opus=00;36:*.spx=00;36:*.xspf=00;36:*~=00;90:*#=00;90:*.bak=00;90:*.crdownload=00;90:*.dpkg-dist=00;90:*.dpkg-new=00;90:*.dpkg-old=00;90:*.dpkg-tmp=00;90:*.old=00;90:*.orig=00;90:*.part=00;90:*.rej=00;90:*.rpmnew=00;90:*.rpmorig=00;90:*.rpmsave=00;90:*.swp=00;90:*.tmp=00;90:*.ucf-dist=00;90:*.ucf-new=00;90:*.ucf-old=00;90:', 'VSCODE_GIT_IPC_HANDLE': '/tmp/vscode-git-e9154552f7.sock', 'TERM_PROGRAM': 'vscode', 'SSH_AUTH_SOCK': '/tmp/vscode-ssh-auth-d5deef4d-6dd8-439f-b4c5-6f587243ee8d.sock', 'ROS_DOMAIN_ID': '0', 'AMENT_PREFIX_PATH': '/ws/install/gll_ros2:/ws/install/shinjuku_map:/opt/ros/jazzy', 'DEBIAN_FRONTEND': 'noninteractive', 'SHELL': '/bin/bash', 'LESSCLOSE': '/usr/bin/lesspipe %s %s', 'ROS_AUTOMATIC_DISCOVERY_RANGE': 'SUBNET', 'VSCODE_GIT_ASKPASS_EXTRA_ARGS': '', 'PWD': '/ws/src/gnss_and_lidar_localization/build/gll_ros2', 'LC_ALL': 'C.UTF-8', 'COPILOT_DEBUG_NONCE': '9c495fabf8ce30cec93ddb08374a1d7d', 'RCUTILS_COLORIZED_OUTPUT': '1', 'PYTHONPATH': '/opt/ros/jazzy/opt/gz_math_vendor/lib/python:/opt/ros/jazzy/lib/python3.12/site-packages', 'HTTP_PROXY': 'http://10.77.8.70:8080', 'COLCON': '1', 'CMAKE_PREFIX_PATH': '/ws/src/gnss_and_lidar_localization/install/gll_core:/ws/src/gnss_and_lidar_localization/install/tiled_pcd_map:/ws/install/gll_ros2:/ws/install/gll_core:/ws/install/tiled_pcd_map:/ws/install/shinjuku_map:/opt/ros/jazzy/opt/gz_math_vendor:/opt/ros/jazzy/opt/gz_utils_vendor:/opt/ros/jazzy/opt/gz_cmake_vendor:/opt/ros/jazzy'}), 'shell': False}
[37.590431] (gll_ros2) StdoutLine: {'line': b'-- Install configuration: ""\n'}
[37.590531] (gll_ros2) StdoutLine: {'line': b'-- Installing: /ws/src/gnss_and_lidar_localization/install/gll_ros2/lib/gll_ros2/localizer_node\n'}
[37.597916] (-) TimerEvent: {}
[37.601969] (gll_ros2) StdoutLine: {'line': b'-- Set non-toolchain portion of runtime path of "/ws/src/gnss_and_lidar_localization/install/gll_ros2/lib/gll_ros2/localizer_node" to ""\n'}
[37.602024] (gll_ros2) StdoutLine: {'line': b'-- Installing: /ws/src/gnss_and_lidar_localization/install/gll_ros2/lib/libgll_ros2_conversions.a\n'}
[37.602749] (gll_ros2) StdoutLine: {'line': b'-- Installing: /ws/src/gnss_and_lidar_localization/install/gll_ros2/share/gll_ros2/launch\n'}
[37.602850] (gll_ros2) StdoutLine: {'line': b'-- Installing: /ws/src/gnss_and_lidar_localization/install/gll_ros2/share/gll_ros2/launch/localizer.launch.py\n'}
[37.602885] (gll_ros2) StdoutLine: {'line': b'-- Installing: /ws/src/gnss_and_lidar_localization/install/gll_ros2/share/gll_ros2/config\n'}
[37.602916] (gll_ros2) StdoutLine: {'line': b'-- Installing: /ws/src/gnss_and_lidar_localization/install/gll_ros2/share/gll_ros2/config/localizer.yaml\n'}
[37.603051] (gll_ros2) StdoutLine: {'line': b'-- Installing: /ws/src/gnss_and_lidar_localization/install/gll_ros2/share/ament_index/resource_index/package_run_dependencies/gll_ros2\n'}
[37.603144] (gll_ros2) StdoutLine: {'line': b'-- Installing: /ws/src/gnss_and_lidar_localization/install/gll_ros2/share/ament_index/resource_index/parent_prefix_path/gll_ros2\n'}
[37.603197] (gll_ros2) StdoutLine: {'line': b'-- Installing: /ws/src/gnss_and_lidar_localization/install/gll_ros2/share/gll_ros2/environment/ament_prefix_path.sh\n'}
[37.603357] (gll_ros2) StdoutLine: {'line': b'-- Installing: /ws/src/gnss_and_lidar_localization/install/gll_ros2/share/gll_ros2/environment/ament_prefix_path.dsv\n'}
[37.603458] (gll_ros2) StdoutLine: {'line': b'-- Installing: /ws/src/gnss_and_lidar_localization/install/gll_ros2/share/gll_ros2/environment/path.sh\n'}
[37.603600] (gll_ros2) StdoutLine: {'line': b'-- Installing: /ws/src/gnss_and_lidar_localization/install/gll_ros2/share/gll_ros2/environment/path.dsv\n'}
[37.603717] (gll_ros2) StdoutLine: {'line': b'-- Installing: /ws/src/gnss_and_lidar_localization/install/gll_ros2/share/gll_ros2/local_setup.bash\n'}
[37.603823] (gll_ros2) StdoutLine: {'line': b'-- Installing: /ws/src/gnss_and_lidar_localization/install/gll_ros2/share/gll_ros2/local_setup.sh\n'}
[37.603922] (gll_ros2) StdoutLine: {'line': b'-- Installing: /ws/src/gnss_and_lidar_localization/install/gll_ros2/share/gll_ros2/local_setup.zsh\n'}
[37.604009] (gll_ros2) StdoutLine: {'line': b'-- Installing: /ws/src/gnss_and_lidar_localization/install/gll_ros2/share/gll_ros2/local_setup.dsv\n'}
[37.604081] (gll_ros2) StdoutLine: {'line': b'-- Installing: /ws/src/gnss_and_lidar_localization/install/gll_ros2/share/gll_ros2/package.dsv\n'}
[37.604166] (gll_ros2) StdoutLine: {'line': b'-- Installing: /ws/src/gnss_and_lidar_localization/install/gll_ros2/share/ament_index/resource_index/packages/gll_ros2\n'}
[37.604259] (gll_ros2) StdoutLine: {'line': b'-- Installing: /ws/src/gnss_and_lidar_localization/install/gll_ros2/share/gll_ros2/cmake/gll_ros2Config.cmake\n'}
[37.604342] (gll_ros2) StdoutLine: {'line': b'-- Installing: /ws/src/gnss_and_lidar_localization/install/gll_ros2/share/gll_ros2/cmake/gll_ros2Config-version.cmake\n'}
[37.604424] (gll_ros2) StdoutLine: {'line': b'-- Installing: /ws/src/gnss_and_lidar_localization/install/gll_ros2/share/gll_ros2/package.xml\n'}
[37.605309] (gll_ros2) CommandEnded: {'returncode': 0}
[37.611766] (gll_ros2) JobEnded: {'identifier': 'gll_ros2', 'rc': 0}
[37.612430] (-) EventReactorShutdown: {}
